;#;;Nazwisko;Imię;Telefon;Adres e-mail;Rola na evencie;Czas pracy;
;1;;Gruszczyński;Norbert;503 464 115;norbert@pixelmultimedia.pl;;;
;2;;Jazurek;Wojciech;790 608 345;wojciech@pixelmultimedia.pl;;;
;3;;Marczak;Krzysztof;‭+48 609 251 600‬;krzysztof.marczak@pixelmultimedia.pl;;;
;4;;Nowak;Mateusz;503776330;mateusz@pixelmultimedia.pl;;;
;5;;Studziński;Jakub;733608345;jakub@pixelmultimedia.pl;;;
;5;;;Alan Baker;;;Technik;26.06.2026 10:00 - 26.06.2026 14:00;
;6;;;Alan Baker;;;Technik;28.06.2026 06:00 - 28.06.2026 16:00;
;7;;;Alan Baker;;;Technik;02.07.2026 10:00 - 02.07.2026 15:00;
;8;;;Alan Baker;;;Technik;02.07.2026 15:00 - 02.07.2026 23:55;
