;Zdjęcie;Nazwa pliku;Typ;Dodał;Komentarz;
;;pixel_multimedia_oferta_na_ekrany_led_stoisko_oto_moto_kongres_nowej_mobilnosci_katowice.pdf;Plik;Michał Strykowski 2026-07-07 15:11:23;Edytuj;
;;pixel_multimedia_oferta_na_ekrany_led_stoisko_oto_moto_kongres_nowej_mobilnosci_katowice_v2.pdf;Plik;Michał Strykowski 2026-07-07 15:11:23;Edytuj;
;;pixel_multimedia_oferta_na_ekrany_led_stoisko_oto_moto_kongres_nowej_mobilnosci_katowice_v3_dodatkowy_ekran_led_3x35.pdf;Plik;Michał Strykowski 2026-07-07 15:11:23;Edytuj;
;;otomoto_v3_r03.png;Plik;Jan Studencki 2026-07-27 17:42:31;Edytuj;
;;otomoto_v3_r04.png;Plik;Jan Studencki 2026-07-27 17:42:31;Edytuj;
;;otomoto_v3_r05.png;Plik;Jan Studencki 2026-07-27 17:42:32;Edytuj;
;;otomoto_v3_wiz05.png;Plik;Jan Studencki 2026-07-27 17:42:32;Edytuj;
;;otomoto_v3_wiz14.png;Plik;Jan Studencki 2026-07-27 17:42:33;Edytuj;
;;otomoto_v3_r01.png;Plik;Jan Studencki 2026-07-27 17:42:33;Edytuj;
;;otomoto_v3_wiz06.png;Plik;Jan Studencki 2026-07-27 17:42:33;Edytuj;
;;otomoto_v3_r02.png;Plik;Jan Studencki 2026-07-27 17:42:33;Edytuj;
;;otomoto_v3_wiz07.png;Plik;Jan Studencki 2026-07-27 17:42:34;Edytuj;
;;otomoto_v3_r06.png;Plik;Jan Studencki 2026-07-27 17:42:34;Edytuj;
;;otomoto_v3_p01_r03.png;Plik;Jan Studencki 2026-07-28 12:49:52;Edytuj;
;;otomoto_v3_p01_r05.png;Plik;Jan Studencki 2026-07-28 12:49:53;Edytuj;
;;otomoto_v3_p01_r04.png;Plik;Jan Studencki 2026-07-28 12:49:53;Edytuj;
;;otomoto_v3_p01_wiz04.png;Plik;Jan Studencki 2026-07-28 12:49:53;Edytuj;
;;otomoto_v3_p01_wiz03.png;Plik;Jan Studencki 2026-07-28 12:49:53;Edytuj;
