status;base_name;survivor_model_id;old_model_id;old_model_name;extracted_number;marker;item_id;old_item_number;new_item_number;old_item_name;new_item_name;note
PLAN;10 x LedBar TRIBAR 400 IR;3;3;10 x LedBar TRIBAR 400 IR (zestaw 1);1;ZESTAW_PAREN;90;;1;10 x LedBar TRIBAR 400 IR (zestaw 1);10 x LedBar TRIBAR 400 IR [1];Numer 1 przeniesiony z nazwy modelu (ZESTAW_PAREN)
PLAN;10 x LedBar TRIBAR 400 IR;3;4;10 x LedBar TRIBAR 400 IR (zestaw 2);2;ZESTAW_PAREN;11;;2;10 x LedBar TRIBAR 400 IR (zestaw 2);10 x LedBar TRIBAR 400 IR [2];Numer 2 przeniesiony z nazwy modelu (ZESTAW_PAREN)
PLAN;10 x LedBar TRIBAR 400 IR;3;5;10 x LedBar TRIBAR 400 IR (zestaw 3);3;ZESTAW_PAREN;158;;3;10 x LedBar TRIBAR 400 IR (zestaw 3);10 x LedBar TRIBAR 400 IR [3];Numer 3 przeniesiony z nazwy modelu (ZESTAW_PAREN)
PLAN;10 x LedBar TRIBAR 400 IR;3;6;10 x LedBar TRIBAR 400 IR (zestaw 4);4;ZESTAW_PAREN;433;;4;10 x LedBar TRIBAR 400 IR (zestaw 4);10 x LedBar TRIBAR 400 IR [4];Numer 4 przeniesiony z nazwy modelu (ZESTAW_PAREN)
PLAN;2 x Aktywna kolumna DAS Audio Action-508A;7;7;2 x Aktywna kolumna DAS Audio Action-508A (zestaw 1);1;ZESTAW_PAREN;148;;1;2 x Aktywna kolumna DAS Audio Action-508A (zestaw 1);2 x Aktywna kolumna DAS Audio Action-508A [1];Numer 1 przeniesiony z nazwy modelu (ZESTAW_PAREN)
PLAN;2 x Aktywna kolumna DAS Audio Action-508A;7;8;2 x Aktywna kolumna DAS Audio Action-508A (zestaw 2);2;ZESTAW_PAREN;220;;2;2 x Aktywna kolumna DAS Audio Action-508A (zestaw 2);2 x Aktywna kolumna DAS Audio Action-508A [2];Numer 2 przeniesiony z nazwy modelu (ZESTAW_PAREN)
PLAN;2 x Aktywna kolumna Proel WD12A;9;9;2 x Aktywna kolumna Proel WD12A (zestaw 1);1;ZESTAW_PAREN;123;;1;2 x Aktywna kolumna Proel WD12A (zestaw 1);2 x Aktywna kolumna Proel WD12A [1];Numer 1 przeniesiony z nazwy modelu (ZESTAW_PAREN)
PLAN;2 x Aktywna kolumna Proel WD12A;9;10;2 x Aktywna kolumna Proel WD12A (zestaw 2);2;ZESTAW_PAREN;82;;2;2 x Aktywna kolumna Proel WD12A (zestaw 2);2 x Aktywna kolumna Proel WD12A [2];Numer 2 przeniesiony z nazwy modelu (ZESTAW_PAREN)
PLAN;2 x Kolumna pasywna L'Acoustics X12;12;12;2 x Kolumna pasywna L'Acoustics X12 (zestaw 1);1;ZESTAW_PAREN;221;;1;2 x Kolumna pasywna L'Acoustics X12 (zestaw 1);2 x Kolumna pasywna L'Acoustics X12 [1];Numer 1 przeniesiony z nazwy modelu (ZESTAW_PAREN)
PLAN;2 x Kolumna pasywna L'Acoustics X12;12;13;2 x Kolumna pasywna L'Acoustics X12 (zestaw 2);2;ZESTAW_PAREN;217;;2;2 x Kolumna pasywna L'Acoustics X12 (zestaw 2);2 x Kolumna pasywna L'Acoustics X12 [2];Numer 2 przeniesiony z nazwy modelu (ZESTAW_PAREN)
PLAN;2 x Kolumna pasywna L'Acoustics X8;14;14;2 x Kolumna pasywna L'Acoustics X8 (zestaw 1);1;ZESTAW_PAREN;107;;1;2 x Kolumna pasywna L'Acoustics X8 (zestaw 1);2 x Kolumna pasywna L'Acoustics X8 [1];Numer 1 przeniesiony z nazwy modelu (ZESTAW_PAREN)
PLAN;2 x Kolumna pasywna L'Acoustics X8;14;15;2 x Kolumna pasywna L'Acoustics X8 (zestaw 2);2;ZESTAW_PAREN;393;;2;2 x Kolumna pasywna L'Acoustics X8 (zestaw 2);2 x Kolumna pasywna L'Acoustics X8 [2];Numer 2 przeniesiony z nazwy modelu (ZESTAW_PAREN)
PLAN;2 x LAPTOP DO GŁOSOWAŃ [Lenovo T540p];16;16;2 x LAPTOP DO GŁOSOWAŃ [Lenovo T540p] (zestaw 1);1;ZESTAW_PAREN;71;2;1;2 x LAPTOP DO GŁOSOWAŃ [Lenovo T540p] (zestaw 1) [2];2 x LAPTOP DO GŁOSOWAŃ [Lenovo T540p] [1];Numer 1 przeniesiony z nazwy modelu (ZESTAW_PAREN)
PLAN;2 x LAPTOP DO GŁOSOWAŃ [Lenovo T540p];16;17;2 x LAPTOP DO GŁOSOWAŃ [Lenovo T540p] (zestaw 2);2;ZESTAW_PAREN;357;1;2;2 x LAPTOP DO GŁOSOWAŃ [Lenovo T540p] (zestaw 2) [1];2 x LAPTOP DO GŁOSOWAŃ [Lenovo T540p] [2];Numer 2 przeniesiony z nazwy modelu (ZESTAW_PAREN)
PLAN;2 x LAPTOP DO GŁOSOWAŃ [Lenovo T540p];16;18;2 x LAPTOP DO GŁOSOWAŃ [Lenovo T540p] (zestaw 3);3;ZESTAW_PAREN;137;3;3;2 x LAPTOP DO GŁOSOWAŃ [Lenovo T540p] (zestaw 3) [3];2 x LAPTOP DO GŁOSOWAŃ [Lenovo T540p] [3];Numer 3 przeniesiony z nazwy modelu (ZESTAW_PAREN)
PLAN;2 x LAPTOP POMOCNICZNY [Dell Latitude E5450];19;19;2 x LAPTOP POMOCNICZNY [Dell Latitude E5450] (zestaw 1);1;ZESTAW_PAREN;394;1;1;2 x LAPTOP POMOCNICZNY [Dell Latitude E5450] (zestaw 1) [1];2 x LAPTOP POMOCNICZNY [Dell Latitude E5450] [1];Numer 1 przeniesiony z nazwy modelu (ZESTAW_PAREN)
PLAN;2 x LAPTOP POMOCNICZNY [Dell Latitude E5450];19;21;2 x LAPTOP POMOCNICZNY [Dell Latitude E5450] (zestaw 2);2;ZESTAW_PAREN;228;2;2;2 x LAPTOP POMOCNICZNY [Dell Latitude E5450] (zestaw 2) [2];2 x LAPTOP POMOCNICZNY [Dell Latitude E5450] [2];Numer 2 przeniesiony z nazwy modelu (ZESTAW_PAREN)
PLAN;2 x LAPTOP POMOCNICZNY [Dell Latitude E5450];19;22;2 x LAPTOP POMOCNICZNY [Dell Latitude E5450] (zestaw 3);3;ZESTAW_PAREN;34;3;3;2 x LAPTOP POMOCNICZNY [Dell Latitude E5450] (zestaw 3) [3];2 x LAPTOP POMOCNICZNY [Dell Latitude E5450] [3];Numer 3 przeniesiony z nazwy modelu (ZESTAW_PAREN)
PLAN;2 x LAPTOP POMOCNICZNY [Dell Latitude E5450];19;23;2 x LAPTOP POMOCNICZNY [Dell Latitude E5450] (zestaw 4);4;ZESTAW_PAREN;94;4;4;2 x LAPTOP POMOCNICZNY [Dell Latitude E5450] (zestaw 4) [4];2 x LAPTOP POMOCNICZNY [Dell Latitude E5450] [4];Numer 4 przeniesiony z nazwy modelu (ZESTAW_PAREN)
PLAN;2 x LAPTOP POMOCNICZNY [Dell Latitude E5450];19;24;2 x LAPTOP POMOCNICZNY [Dell Latitude E5450] (zestaw 5);5;ZESTAW_PAREN;187;5;5;2 x LAPTOP POMOCNICZNY [Dell Latitude E5450] (zestaw 5) [5];2 x LAPTOP POMOCNICZNY [Dell Latitude E5450] [5];Numer 5 przeniesiony z nazwy modelu (ZESTAW_PAREN)
PLAN;2 x LAPTOP POMOCNICZNY [Dell Latitude E5450];19;25;2 x LAPTOP POMOCNICZNY [Dell Latitude E5450] (zestaw 6);6;ZESTAW_PAREN;224;6;6;2 x LAPTOP POMOCNICZNY [Dell Latitude E5450] (zestaw 6) [6];2 x LAPTOP POMOCNICZNY [Dell Latitude E5450] [6];Numer 6 przeniesiony z nazwy modelu (ZESTAW_PAREN)
PLAN;2 x LAPTOP POMOCNICZNY [Dell Latitude E5450];19;26;2 x LAPTOP POMOCNICZNY [Dell Latitude E5450] (zestaw 7);7;ZESTAW_PAREN;178;7;7;2 x LAPTOP POMOCNICZNY [Dell Latitude E5450] (zestaw 7) [7];2 x LAPTOP POMOCNICZNY [Dell Latitude E5450] [7];Numer 7 przeniesiony z nazwy modelu (ZESTAW_PAREN)
PLAN;2 x LAPTOP POMOCNICZNY [Dell Latitude E5450];19;27;2 x LAPTOP POMOCNICZNY [Dell Latitude E5450] (zestaw 8);8;ZESTAW_PAREN;64;8;8;2 x LAPTOP POMOCNICZNY [Dell Latitude E5450] (zestaw 8) [8];2 x LAPTOP POMOCNICZNY [Dell Latitude E5450] [8];Numer 8 przeniesiony z nazwy modelu (ZESTAW_PAREN)
PLAN;2 x LAPTOP POMOCNICZNY [Dell Latitude E5450];19;28;2 x LAPTOP POMOCNICZNY [Dell Latitude E5450] (zestaw 9);9;ZESTAW_PAREN;169;9;9;2 x LAPTOP POMOCNICZNY [Dell Latitude E5450] (zestaw 9) [9];2 x LAPTOP POMOCNICZNY [Dell Latitude E5450] [9];Numer 9 przeniesiony z nazwy modelu (ZESTAW_PAREN)
PLAN;2 x LAPTOP POMOCNICZNY [Dell Latitude E5450];19;20;2 x LAPTOP POMOCNICZNY [Dell Latitude E5450] (zestaw 10);10;ZESTAW_PAREN;111;10;10;2 x LAPTOP POMOCNICZNY [Dell Latitude E5450] (zestaw 10) [10];2 x LAPTOP POMOCNICZNY [Dell Latitude E5450] [10];Numer 10 przeniesiony z nazwy modelu (ZESTAW_PAREN)
PLAN;2 x LAPTOP REALIZACYJNY [DELL Latitude 5440];29;40;2 x LAPTOP REALIZACYJNY [Dell Latitude 5440] (zestaw 1);1;ZESTAW_PAREN;355;1;1;2 x LAPTOP REALIZACYJNY [Dell Latitude 5440] (zestaw 1) [1];2 x LAPTOP REALIZACYJNY [DELL Latitude 5440] [1];Numer 1 przeniesiony z nazwy modelu (ZESTAW_PAREN)
PLAN;2 x LAPTOP REALIZACYJNY [DELL Latitude 5440];29;47;2 x LAPTOP REALIZACYJNY [Dell Latitude 5440] (zestaw 2);2;ZESTAW_PAREN;210;2;2;2 x LAPTOP REALIZACYJNY [Dell Latitude 5440] (zestaw 2) [2];2 x LAPTOP REALIZACYJNY [DELL Latitude 5440] [2];Numer 2 przeniesiony z nazwy modelu (ZESTAW_PAREN)
PLAN;2 x LAPTOP REALIZACYJNY [DELL Latitude 5440];29;48;2 x LAPTOP REALIZACYJNY [Dell Latitude 5440] (zestaw 3);3;ZESTAW_PAREN;395;3;3;2 x LAPTOP REALIZACYJNY [Dell Latitude 5440] (zestaw 3) [3];2 x LAPTOP REALIZACYJNY [DELL Latitude 5440] [3];Numer 3 przeniesiony z nazwy modelu (ZESTAW_PAREN)
PLAN;2 x LAPTOP REALIZACYJNY [DELL Latitude 5440];29;29;2 x LAPTOP REALIZACYJNY [DELL Latitude 5440] (zestaw 4);4;ZESTAW_PAREN;168;4;4;2 x LAPTOP REALIZACYJNY [DELL Latitude 5440] (zestaw 4) [4];2 x LAPTOP REALIZACYJNY [DELL Latitude 5440] [4];Numer 4 przeniesiony z nazwy modelu (ZESTAW_PAREN)
PLAN;2 x LAPTOP REALIZACYJNY [DELL Latitude 5440];29;49;2 x LAPTOP REALIZACYJNY [Dell Latitude 5440] (zestaw 5);5;ZESTAW_PAREN;3;5;5;2 x LAPTOP REALIZACYJNY [Dell Latitude 5440] (zestaw 5) [5];2 x LAPTOP REALIZACYJNY [DELL Latitude 5440] [5];Numer 5 przeniesiony z nazwy modelu (ZESTAW_PAREN)
PLAN;2 x LAPTOP REALIZACYJNY [DELL Latitude 5440];29;50;2 x LAPTOP REALIZACYJNY [Dell Latitude 5440] (zestaw 6);6;ZESTAW_PAREN;149;6;6;2 x LAPTOP REALIZACYJNY [Dell Latitude 5440] (zestaw 6) [6];2 x LAPTOP REALIZACYJNY [DELL Latitude 5440] [6];Numer 6 przeniesiony z nazwy modelu (ZESTAW_PAREN)
PLAN;2 x LAPTOP REALIZACYJNY [DELL Latitude 5440];29;51;2 x LAPTOP REALIZACYJNY [Dell Latitude 5440] (zestaw 7);7;ZESTAW_PAREN;468;7;7;2 x LAPTOP REALIZACYJNY [Dell Latitude 5440] (zestaw 7) [7];2 x LAPTOP REALIZACYJNY [DELL Latitude 5440] [7];Numer 7 przeniesiony z nazwy modelu (ZESTAW_PAREN)
PLAN;2 x LAPTOP REALIZACYJNY [DELL Latitude 5440];29;52;2 x LAPTOP REALIZACYJNY [Dell Latitude 5440] (zestaw 8);8;ZESTAW_PAREN;101;8;8;2 x LAPTOP REALIZACYJNY [Dell Latitude 5440] (zestaw 8) [8];2 x LAPTOP REALIZACYJNY [DELL Latitude 5440] [8];Numer 8 przeniesiony z nazwy modelu (ZESTAW_PAREN)
PLAN;2 x LAPTOP REALIZACYJNY [DELL Latitude 5440];29;53;2 x LAPTOP REALIZACYJNY [Dell Latitude 5440] (zestaw 9);9;ZESTAW_PAREN;366;9;9;2 x LAPTOP REALIZACYJNY [Dell Latitude 5440] (zestaw 9) [9];2 x LAPTOP REALIZACYJNY [DELL Latitude 5440] [9];Numer 9 przeniesiony z nazwy modelu (ZESTAW_PAREN)
PLAN;2 x LAPTOP REALIZACYJNY [DELL Latitude 5440];29;41;2 x LAPTOP REALIZACYJNY [Dell Latitude 5440] (zestaw 10);10;ZESTAW_PAREN;323;10;10;2 x LAPTOP REALIZACYJNY [Dell Latitude 5440] (zestaw 10) [10];2 x LAPTOP REALIZACYJNY [DELL Latitude 5440] [10];Numer 10 przeniesiony z nazwy modelu (ZESTAW_PAREN)
PLAN;2 x LAPTOP REALIZACYJNY [DELL Latitude 5440];29;42;2 x LAPTOP REALIZACYJNY [Dell Latitude 5440] (zestaw 11);11;ZESTAW_PAREN;385;11;11;2 x LAPTOP REALIZACYJNY [Dell Latitude 5440] (zestaw 11) [11];2 x LAPTOP REALIZACYJNY [DELL Latitude 5440] [11];Numer 11 przeniesiony z nazwy modelu (ZESTAW_PAREN)
PLAN;2 x LAPTOP REALIZACYJNY [DELL Latitude 5440];29;43;2 x LAPTOP REALIZACYJNY [Dell Latitude 5440] (zestaw 12);12;ZESTAW_PAREN;427;12;12;2 x LAPTOP REALIZACYJNY [Dell Latitude 5440] (zestaw 12) [12];2 x LAPTOP REALIZACYJNY [DELL Latitude 5440] [12];Numer 12 przeniesiony z nazwy modelu (ZESTAW_PAREN)
PLAN;2 x LAPTOP REALIZACYJNY [DELL Latitude 5440];29;44;2 x LAPTOP REALIZACYJNY [Dell Latitude 5440] (zestaw 13);13;ZESTAW_PAREN;162;13;13;2 x LAPTOP REALIZACYJNY [Dell Latitude 5440] (zestaw 13) [13];2 x LAPTOP REALIZACYJNY [DELL Latitude 5440] [13];Numer 13 przeniesiony z nazwy modelu (ZESTAW_PAREN)
PLAN;2 x LAPTOP REALIZACYJNY [DELL Latitude 5440];29;45;2 x LAPTOP REALIZACYJNY [Dell Latitude 5440] (zestaw 14);14;ZESTAW_PAREN;198;14;14;2 x LAPTOP REALIZACYJNY [Dell Latitude 5440] (zestaw 14) [14];2 x LAPTOP REALIZACYJNY [DELL Latitude 5440] [14];Numer 14 przeniesiony z nazwy modelu (ZESTAW_PAREN)
PLAN;2 x LAPTOP REALIZACYJNY [DELL Latitude 5440];29;46;2 x LAPTOP REALIZACYJNY [Dell Latitude 5440] (zestaw 15);15;ZESTAW_PAREN;415;15;15;2 x LAPTOP REALIZACYJNY [Dell Latitude 5440] (zestaw 15) [15];2 x LAPTOP REALIZACYJNY [DELL Latitude 5440] [15];Numer 15 przeniesiony z nazwy modelu (ZESTAW_PAREN)
PLAN;2 x Laptop REALIZACYJNY [Dell Precision 3520];54;54;2 x Laptop REALIZACYJNY [Dell Precision 3520] (zestaw 1);1;ZESTAW_PAREN;371;;1;2 x Laptop REALIZACYJNY [Dell Precision 3520] (zestaw 1);2 x Laptop REALIZACYJNY [Dell Precision 3520] [1];Numer 1 przeniesiony z nazwy modelu (ZESTAW_PAREN)
PLAN;2 x Laptop REALIZACYJNY [Dell Precision 3520];54;56;2 x Laptop REALIZACYJNY [Dell Precision 3520] (zestaw 2);2;ZESTAW_PAREN;410;;2;2 x Laptop REALIZACYJNY [Dell Precision 3520] (zestaw 2);2 x Laptop REALIZACYJNY [Dell Precision 3520] [2];Numer 2 przeniesiony z nazwy modelu (ZESTAW_PAREN)
PLAN;2 x Laptop REALIZACYJNY [Dell Precision 3520];54;57;2 x Laptop REALIZACYJNY [Dell Precision 3520] (zestaw 3);3;ZESTAW_PAREN;183;;3;2 x Laptop REALIZACYJNY [Dell Precision 3520] (zestaw 3);2 x Laptop REALIZACYJNY [Dell Precision 3520] [3];Numer 3 przeniesiony z nazwy modelu (ZESTAW_PAREN)
PLAN;2 x Laptop REALIZACYJNY [Dell Precision 3520];54;58;2 x Laptop REALIZACYJNY [Dell Precision 3520] (zestaw 4);4;ZESTAW_PAREN;113;4;4;2 x Laptop REALIZACYJNY [Dell Precision 3520] (zestaw 4) [4];2 x Laptop REALIZACYJNY [Dell Precision 3520] [4];Numer 4 przeniesiony z nazwy modelu (ZESTAW_PAREN)
PLAN;2 x Laptop REALIZACYJNY [Dell Precision 3520];54;59;2 x Laptop REALIZACYJNY [Dell Precision 3520] (zestaw 5);5;ZESTAW_PAREN;478;5;5;2 x Laptop REALIZACYJNY [Dell Precision 3520] (zestaw 5) [5];2 x Laptop REALIZACYJNY [Dell Precision 3520] [5];Numer 5 przeniesiony z nazwy modelu (ZESTAW_PAREN)
PLAN;2 x Laptop REALIZACYJNY [Dell Precision 3520];54;60;2 x Laptop REALIZACYJNY [Dell Precision 3520] (zestaw 6);6;ZESTAW_PAREN;78;6;6;2 x Laptop REALIZACYJNY [Dell Precision 3520] (zestaw 6) [6];2 x Laptop REALIZACYJNY [Dell Precision 3520] [6];Numer 6 przeniesiony z nazwy modelu (ZESTAW_PAREN)
PLAN;2 x Laptop REALIZACYJNY [Dell Precision 3520];54;61;2 x Laptop REALIZACYJNY [Dell Precision 3520] (zestaw 7);7;ZESTAW_PAREN;102;7;7;2 x Laptop REALIZACYJNY [Dell Precision 3520] (zestaw 7) [7];2 x Laptop REALIZACYJNY [Dell Precision 3520] [7];Numer 7 przeniesiony z nazwy modelu (ZESTAW_PAREN)
PLAN;2 x Laptop REALIZACYJNY [Dell Precision 3520];54;62;2 x Laptop REALIZACYJNY [Dell Precision 3520] (zestaw 8);8;ZESTAW_PAREN;83;8;8;2 x Laptop REALIZACYJNY [Dell Precision 3520] (zestaw 8) [8];2 x Laptop REALIZACYJNY [Dell Precision 3520] [8];Numer 8 przeniesiony z nazwy modelu (ZESTAW_PAREN)
PLAN;2 x Laptop REALIZACYJNY [Dell Precision 3520];54;63;2 x Laptop REALIZACYJNY [Dell Precision 3520] (zestaw 9);9;ZESTAW_PAREN;91;9;9;2 x Laptop REALIZACYJNY [Dell Precision 3520] (zestaw 9) [9];2 x Laptop REALIZACYJNY [Dell Precision 3520] [9];Numer 9 przeniesiony z nazwy modelu (ZESTAW_PAREN)
PLAN;2 x Laptop REALIZACYJNY [Dell Precision 3520];54;55;2 x Laptop REALIZACYJNY [Dell Precision 3520] (zestaw 10);10;ZESTAW_PAREN;37;10;10;2 x Laptop REALIZACYJNY [Dell Precision 3520] (zestaw 10) [10];2 x Laptop REALIZACYJNY [Dell Precision 3520] [10];Numer 10 przeniesiony z nazwy modelu (ZESTAW_PAREN)
PLAN;2 x LAPTOP REALIZACYJNY [DELL PRO PLUS 14];30;30;2 x LAPTOP REALIZACYJNY [DELL PRO PLUS 14] (zestaw 1);1;ZESTAW_PAREN;174;1;1;2 x LAPTOP REALIZACYJNY [DELL PRO PLUS 14] (zestaw 1) [1];2 x LAPTOP REALIZACYJNY [DELL PRO PLUS 14] [1];Numer 1 przeniesiony z nazwy modelu (ZESTAW_PAREN)
PLAN;2 x LAPTOP REALIZACYJNY [DELL PRO PLUS 14];30;32;2 x LAPTOP REALIZACYJNY [DELL PRO PLUS 14] (zestaw 2);2;ZESTAW_PAREN;52;2;2;2 x LAPTOP REALIZACYJNY [DELL PRO PLUS 14] (zestaw 2) [2];2 x LAPTOP REALIZACYJNY [DELL PRO PLUS 14] [2];Numer 2 przeniesiony z nazwy modelu (ZESTAW_PAREN)
PLAN;2 x LAPTOP REALIZACYJNY [DELL PRO PLUS 14];30;33;2 x LAPTOP REALIZACYJNY [DELL PRO PLUS 14] (zestaw 3);3;ZESTAW_PAREN;179;3;3;2 x LAPTOP REALIZACYJNY [DELL PRO PLUS 14] (zestaw 3) [3];2 x LAPTOP REALIZACYJNY [DELL PRO PLUS 14] [3];Numer 3 przeniesiony z nazwy modelu (ZESTAW_PAREN)
PLAN;2 x LAPTOP REALIZACYJNY [DELL PRO PLUS 14];30;34;2 x LAPTOP REALIZACYJNY [DELL PRO PLUS 14] (zestaw 4);4;ZESTAW_PAREN;389;4;4;2 x LAPTOP REALIZACYJNY [DELL PRO PLUS 14] (zestaw 4) [4];2 x LAPTOP REALIZACYJNY [DELL PRO PLUS 14] [4];Numer 4 przeniesiony z nazwy modelu (ZESTAW_PAREN)
PLAN;2 x LAPTOP REALIZACYJNY [DELL PRO PLUS 14];30;35;2 x LAPTOP REALIZACYJNY [DELL PRO PLUS 14] (zestaw 5);5;ZESTAW_PAREN;360;5;5;2 x LAPTOP REALIZACYJNY [DELL PRO PLUS 14] (zestaw 5) [5];2 x LAPTOP REALIZACYJNY [DELL PRO PLUS 14] [5];Numer 5 przeniesiony z nazwy modelu (ZESTAW_PAREN)
PLAN;2 x LAPTOP REALIZACYJNY [DELL PRO PLUS 14];30;36;2 x LAPTOP REALIZACYJNY [DELL PRO PLUS 14] (zestaw 6);6;ZESTAW_PAREN;232;6;6;2 x LAPTOP REALIZACYJNY [DELL PRO PLUS 14] (zestaw 6) [6];2 x LAPTOP REALIZACYJNY [DELL PRO PLUS 14] [6];Numer 6 przeniesiony z nazwy modelu (ZESTAW_PAREN)
PLAN;2 x LAPTOP REALIZACYJNY [DELL PRO PLUS 14];30;37;2 x LAPTOP REALIZACYJNY [DELL PRO PLUS 14] (zestaw 7);7;ZESTAW_PAREN;46;7;7;2 x LAPTOP REALIZACYJNY [DELL PRO PLUS 14] (zestaw 7) [7];2 x LAPTOP REALIZACYJNY [DELL PRO PLUS 14] [7];Numer 7 przeniesiony z nazwy modelu (ZESTAW_PAREN)
PLAN;2 x LAPTOP REALIZACYJNY [DELL PRO PLUS 14];30;38;2 x LAPTOP REALIZACYJNY [DELL PRO PLUS 14] (zestaw 8);8;ZESTAW_PAREN;121;8;8;2 x LAPTOP REALIZACYJNY [DELL PRO PLUS 14] (zestaw 8) [8];2 x LAPTOP REALIZACYJNY [DELL PRO PLUS 14] [8];Numer 8 przeniesiony z nazwy modelu (ZESTAW_PAREN)
PLAN;2 x LAPTOP REALIZACYJNY [DELL PRO PLUS 14];30;39;2 x LAPTOP REALIZACYJNY [DELL PRO PLUS 14] (zestaw 9);9;ZESTAW_PAREN;161;9;9;2 x LAPTOP REALIZACYJNY [DELL PRO PLUS 14] (zestaw 9) [9];2 x LAPTOP REALIZACYJNY [DELL PRO PLUS 14] [9];Numer 9 przeniesiony z nazwy modelu (ZESTAW_PAREN)
PLAN;2 x LAPTOP REALIZACYJNY [DELL PRO PLUS 14];30;31;2 x LAPTOP REALIZACYJNY [DELL PRO PLUS 14] (zestaw 10);10;ZESTAW_PAREN;356;10;10;2 x LAPTOP REALIZACYJNY [DELL PRO PLUS 14] (zestaw 10) [10];2 x LAPTOP REALIZACYJNY [DELL PRO PLUS 14] [10];Numer 10 przeniesiony z nazwy modelu (ZESTAW_PAREN)
PLAN;2 x Laptop REALIZACYJNY [MacBook Pro 14 cali M4];64;64;2 x Laptop REALIZACYJNY [MacBook Pro 14 cali M4] (zestaw 1);1;ZESTAW_PAREN;435;1;1;2 x Laptop REALIZACYJNY [MacBook Pro 14 cali M4] (zestaw 1) [1];2 x Laptop REALIZACYJNY [MacBook Pro 14 cali M4] [1];Numer 1 przeniesiony z nazwy modelu (ZESTAW_PAREN)
PLAN;2 x Laptop REALIZACYJNY [MacBook Pro 14 cali M4];64;65;2 x Laptop REALIZACYJNY [MacBook Pro 14 cali M4] (zestaw 2);2;ZESTAW_PAREN;119;2;2;2 x Laptop REALIZACYJNY [MacBook Pro 14 cali M4] (zestaw 2) [2];2 x Laptop REALIZACYJNY [MacBook Pro 14 cali M4] [2];Numer 2 przeniesiony z nazwy modelu (ZESTAW_PAREN)
PLAN;2 x Martin MAC Quantum Profile;66;66;2 x Martin MAC Quantum Profile (zestaw 1);1;ZESTAW_PAREN;480;;1;2 x Martin MAC Quantum Profile (zestaw 1);2 x Martin MAC Quantum Profile [1];Numer 1 przeniesiony z nazwy modelu (ZESTAW_PAREN)
PLAN;2 x Martin MAC Quantum Profile;66;67;2 x Martin MAC Quantum Profile (zestaw 2);2;ZESTAW_PAREN;390;;2;2 x Martin MAC Quantum Profile (zestaw 2);2 x Martin MAC Quantum Profile [2];Numer 2 przeniesiony z nazwy modelu (ZESTAW_PAREN)
PLAN;"2 x Monitor 32""";68;68;"2 x Monitor 32"" (zestaw 1)";1;ZESTAW_PAREN;441;;1;"2 x Monitor 32"" (zestaw 1)";"2 x Monitor 32"" [1]";Numer 1 przeniesiony z nazwy modelu (ZESTAW_PAREN)
PLAN;"2 x Monitor 32""";68;69;"2 x Monitor 32"" (zestaw 2)";2;ZESTAW_PAREN;199;;2;"2 x Monitor 32"" (zestaw 2)";"2 x Monitor 32"" [2]";Numer 2 przeniesiony z nazwy modelu (ZESTAW_PAREN)
PLAN;"2 x Monitor 32""";68;70;"2 x Monitor 32"" (zestaw 3)";3;ZESTAW_PAREN;41;;3;"2 x Monitor 32"" (zestaw 3)";"2 x Monitor 32"" [3]";Numer 3 przeniesiony z nazwy modelu (ZESTAW_PAREN)
PLAN;"2 x Monitor 43""";71;71;"2 x Monitor 43"" (zestaw 1)";1;ZESTAW_PAREN;405;1;1;"2 x Monitor 43"" (zestaw 1) [1]";"2 x Monitor 43"" [1]";Numer 1 przeniesiony z nazwy modelu (ZESTAW_PAREN)
PLAN;"2 x Monitor 43""";71;72;"2 x Monitor 43"" (zestaw 2)";2;ZESTAW_PAREN;133;2;2;"2 x Monitor 43"" (zestaw 2) [2]";"2 x Monitor 43"" [2]";Numer 2 przeniesiony z nazwy modelu (ZESTAW_PAREN)
PLAN;"2 x Monitor 43""";71;73;"2 x Monitor 43"" (zestaw 3)";3;ZESTAW_PAREN;391;3;3;"2 x Monitor 43"" (zestaw 3) [3]";"2 x Monitor 43"" [3]";Numer 3 przeniesiony z nazwy modelu (ZESTAW_PAREN)
PLAN;2 x Monitor 55'';74;74;2 x Monitor 55'' (zestaw 1);1;ZESTAW_PAREN;103;;1;2 x Monitor 55'' (zestaw 1);2 x Monitor 55'' [1];Numer 1 przeniesiony z nazwy modelu (ZESTAW_PAREN)
PLAN;2 x Monitor 55'';74;75;2 x Monitor 55'' (zestaw 2);2;ZESTAW_PAREN;66;;2;2 x Monitor 55'' (zestaw 2);2 x Monitor 55'' [2];Numer 2 przeniesiony z nazwy modelu (ZESTAW_PAREN)
PLAN;2 x Monitor 55'';74;76;2 x Monitor 55'' (zestaw 3);3;ZESTAW_PAREN;417;;3;2 x Monitor 55'' (zestaw 3);2 x Monitor 55'' [3];Numer 3 przeniesiony z nazwy modelu (ZESTAW_PAREN)
PLAN;2 x Monitor 55'';74;77;2 x Monitor 55'' (zestaw 4);4;ZESTAW_PAREN;408;;4;2 x Monitor 55'' (zestaw 4);2 x Monitor 55'' [4];Numer 4 przeniesiony z nazwy modelu (ZESTAW_PAREN)
PLAN;2 x Monitor 55'';74;78;2 x Monitor 55'' (zestaw 5);5;ZESTAW_PAREN;443;;5;2 x Monitor 55'' (zestaw 5);2 x Monitor 55'' [5];Numer 5 przeniesiony z nazwy modelu (ZESTAW_PAREN)
PLAN;2 x Monitor 55'';74;79;2 x Monitor 55'' (zestaw 6);6;ZESTAW_PAREN;424;;6;2 x Monitor 55'' (zestaw 6);2 x Monitor 55'' [6];Numer 6 przeniesiony z nazwy modelu (ZESTAW_PAREN)
PLAN;2 x Monitor 55'';74;80;2 x Monitor 55'' (zestaw 7);7;ZESTAW_PAREN;134;;7;2 x Monitor 55'' (zestaw 7);2 x Monitor 55'' [7];Numer 7 przeniesiony z nazwy modelu (ZESTAW_PAREN)
PLAN;"2 x Monitor dotykowy Iiyama 55""";96;96;"2 x Monitor dotykowy Iiyama 55"" (zestaw 1)";1;ZESTAW_PAREN;362;;1;"2 x Monitor dotykowy Iiyama 55"" (zestaw 1)";"2 x Monitor dotykowy Iiyama 55"" [1]";Numer 1 przeniesiony z nazwy modelu (ZESTAW_PAREN)
PLAN;"2 x Monitor dotykowy Iiyama 55""";96;97;"2 x Monitor dotykowy Iiyama 55"" (zestaw 2)";2;ZESTAW_PAREN;432;;2;"2 x Monitor dotykowy Iiyama 55"" (zestaw 2)";"2 x Monitor dotykowy Iiyama 55"" [2]";Numer 2 przeniesiony z nazwy modelu (ZESTAW_PAREN)
PLAN;"2 x Monitor Iiyama 22""";81;81;"2 x Monitor Iiyama 22"" (zestaw 1)";1;ZESTAW_PAREN;115;;1;"2 x Monitor Iiyama 22"" (zestaw 1)";"2 x Monitor Iiyama 22"" [1]";Numer 1 przeniesiony z nazwy modelu (ZESTAW_PAREN)
PLAN;"2 x Monitor Iiyama 22""";81;82;"2 x Monitor Iiyama 22"" (zestaw 2)";2;ZESTAW_PAREN;436;;2;"2 x Monitor Iiyama 22"" (zestaw 2)";"2 x Monitor Iiyama 22"" [2]";Numer 2 przeniesiony z nazwy modelu (ZESTAW_PAREN)
PLAN;"2 x Monitor Iiyama 22""";81;83;"2 x Monitor Iiyama 22"" (zestaw 3)";3;ZESTAW_PAREN;483;;3;"2 x Monitor Iiyama 22"" (zestaw 3)";"2 x Monitor Iiyama 22"" [3]";Numer 3 przeniesiony z nazwy modelu (ZESTAW_PAREN)
PLAN;"2 x Monitor Iiyama 22""";81;84;"2 x Monitor Iiyama 22"" (zestaw 4)";4;ZESTAW_PAREN;412;;4;"2 x Monitor Iiyama 22"" (zestaw 4)";"2 x Monitor Iiyama 22"" [4]";Numer 4 przeniesiony z nazwy modelu (ZESTAW_PAREN)
PLAN;"2 x Monitor Iiyama 22""";81;85;"2 x Monitor Iiyama 22"" (zestaw 5)";5;ZESTAW_PAREN;98;;5;"2 x Monitor Iiyama 22"" (zestaw 5)";"2 x Monitor Iiyama 22"" [5]";Numer 5 przeniesiony z nazwy modelu (ZESTAW_PAREN)
PLAN;"2 x Monitor Iiyama 24""";86;86;"2 x Monitor Iiyama 24"" (zestaw 1)";1;ZESTAW_PAREN;122;1;1;"2 x Monitor Iiyama 24"" (zestaw 1) [1]";"2 x Monitor Iiyama 24"" [1]";Numer 1 przeniesiony z nazwy modelu (ZESTAW_PAREN)
PLAN;"2 x Monitor Iiyama 24""";86;88;"2 x Monitor Iiyama 24"" (zestaw 2)";2;ZESTAW_PAREN;448;2;2;"2 x Monitor Iiyama 24"" (zestaw 2) [2]";"2 x Monitor Iiyama 24"" [2]";Numer 2 przeniesiony z nazwy modelu (ZESTAW_PAREN)
PLAN;"2 x Monitor Iiyama 24""";86;89;"2 x Monitor Iiyama 24"" (zestaw 3)";3;ZESTAW_PAREN;317;3;3;"2 x Monitor Iiyama 24"" (zestaw 3) [3]";"2 x Monitor Iiyama 24"" [3]";Numer 3 przeniesiony z nazwy modelu (ZESTAW_PAREN)
PLAN;"2 x Monitor Iiyama 24""";86;90;"2 x Monitor Iiyama 24"" (zestaw 4)";4;ZESTAW_PAREN;84;4;4;"2 x Monitor Iiyama 24"" (zestaw 4) [4]";"2 x Monitor Iiyama 24"" [4]";Numer 4 przeniesiony z nazwy modelu (ZESTAW_PAREN)
PLAN;"2 x Monitor Iiyama 24""";86;91;"2 x Monitor Iiyama 24"" (zestaw 5)";5;ZESTAW_PAREN;451;5;5;"2 x Monitor Iiyama 24"" (zestaw 5) [5]";"2 x Monitor Iiyama 24"" [5]";Numer 5 przeniesiony z nazwy modelu (ZESTAW_PAREN)
PLAN;"2 x Monitor Iiyama 24""";86;92;"2 x Monitor Iiyama 24"" (zestaw 6)";6;ZESTAW_PAREN;229;6;6;"2 x Monitor Iiyama 24"" (zestaw 6) [6]";"2 x Monitor Iiyama 24"" [6]";Numer 6 przeniesiony z nazwy modelu (ZESTAW_PAREN)
PLAN;"2 x Monitor Iiyama 24""";86;93;"2 x Monitor Iiyama 24"" (zestaw 7)";7;ZESTAW_PAREN;155;7;7;"2 x Monitor Iiyama 24"" (zestaw 7) [7]";"2 x Monitor Iiyama 24"" [7]";Numer 7 przeniesiony z nazwy modelu (ZESTAW_PAREN)
PLAN;"2 x Monitor Iiyama 24""";86;94;"2 x Monitor Iiyama 24"" (zestaw 8)";8;ZESTAW_PAREN;463;8;8;"2 x Monitor Iiyama 24"" (zestaw 8) [8]";"2 x Monitor Iiyama 24"" [8]";Numer 8 przeniesiony z nazwy modelu (ZESTAW_PAREN)
PLAN;"2 x Monitor Iiyama 24""";86;95;"2 x Monitor Iiyama 24"" (zestaw 9)";9;ZESTAW_PAREN;9;9;9;"2 x Monitor Iiyama 24"" (zestaw 9) [9]";"2 x Monitor Iiyama 24"" [9]";Numer 9 przeniesiony z nazwy modelu (ZESTAW_PAREN)
PLAN;"2 x Monitor Iiyama 24""";86;87;"2 x Monitor Iiyama 24"" (zestaw 10)";10;ZESTAW_PAREN;5;10;10;"2 x Monitor Iiyama 24"" (zestaw 10) [10]";"2 x Monitor Iiyama 24"" [10]";Numer 10 przeniesiony z nazwy modelu (ZESTAW_PAREN)
PLAN;2 x Statyw korbowy AdamHall 4m;103;103;2 x Statyw korbowy AdamHall 4m (zestaw 1);1;ZESTAW_PAREN;445;1;1;2 x Statyw korbowy AdamHall 4m (zestaw 1) [1];2 x Statyw korbowy AdamHall 4m [1];Numer 1 przeniesiony z nazwy modelu (ZESTAW_PAREN)
PLAN;2 x Statyw korbowy AdamHall 4m;103;104;2 x Statyw korbowy AdamHall 4m (zestaw 2);2;ZESTAW_PAREN;455;2;2;2 x Statyw korbowy AdamHall 4m (zestaw 2) [2];2 x Statyw korbowy AdamHall 4m [2];Numer 2 przeniesiony z nazwy modelu (ZESTAW_PAREN)
PLAN;2 x Statyw korbowy AdamHall 4m;103;105;2 x Statyw korbowy AdamHall 4m (zestaw 3);3;ZESTAW_PAREN;176;3;3;2 x Statyw korbowy AdamHall 4m (zestaw 3) [3];2 x Statyw korbowy AdamHall 4m [3];Numer 3 przeniesiony z nazwy modelu (ZESTAW_PAREN)
PLAN;2 x X-Dot Brighter Wash IP;106;106;2 x X-Dot Brighter Wash IP (zestaw 1);1;ZESTAW_PAREN;387;;1;2 x X-Dot Brighter Wash IP (zestaw 1);2 x X-Dot Brighter Wash IP [1];Numer 1 przeniesiony z nazwy modelu (ZESTAW_PAREN)
PLAN;2 x X-Dot Brighter Wash IP;106;107;2 x X-Dot Brighter Wash IP (zestaw 2);2;ZESTAW_PAREN;131;;2;2 x X-Dot Brighter Wash IP (zestaw 2);2 x X-Dot Brighter Wash IP [2];Numer 2 przeniesiony z nazwy modelu (ZESTAW_PAREN)
PLAN;2 x X-Dot Brighter Wash IP;106;108;2 x X-Dot Brighter Wash IP (zestaw 3);3;ZESTAW_PAREN;50;;3;2 x X-Dot Brighter Wash IP (zestaw 3);2 x X-Dot Brighter Wash IP [3];Numer 3 przeniesiony z nazwy modelu (ZESTAW_PAREN)
PLAN;"2x Monitor 75""";109;109;"2x Monitor 75"" (zestaw 1)";1;ZESTAW_PAREN;382;1;1;"2x Monitor 75"" (zestaw 1) [1]";"2x Monitor 75"" [1]";Numer 1 przeniesiony z nazwy modelu (ZESTAW_PAREN)
PLAN;"2x Monitor 75""";109;110;"2x Monitor 75"" (zestaw 2)";2;ZESTAW_PAREN;423;2;2;"2x Monitor 75"" (zestaw 2) [2]";"2x Monitor 75"" [2]";Numer 2 przeniesiony z nazwy modelu (ZESTAW_PAREN)
PLAN;"2x Monitor 75""";109;111;"2x Monitor 75"" (zestaw 3)";3;ZESTAW_PAREN;28;3;3;"2x Monitor 75"" (zestaw 3) [3]";"2x Monitor 75"" [3]";Numer 3 przeniesiony z nazwy modelu (ZESTAW_PAREN)
PLAN;"2x Monitor 75""";109;112;"2x Monitor 75"" (zestaw 4)";4;ZESTAW_PAREN;380;4;4;"2x Monitor 75"" (zestaw 4) [4]";"2x Monitor 75"" [4]";Numer 4 przeniesiony z nazwy modelu (ZESTAW_PAREN)
PLAN;4 x Aktywna kolumna DAS Audio Action-508A;113;113;4 x Aktywna kolumna DAS Audio Action-508A (zestaw 3);3;ZESTAW_PAREN;202;;3;4 x Aktywna kolumna DAS Audio Action-508A (zestaw 3);4 x Aktywna kolumna DAS Audio Action-508A [3];Numer 3 przeniesiony z nazwy modelu (ZESTAW_PAREN)
PLAN;4 x Aktywna kolumna DAS Audio Action-508A;113;114;4 x Aktywna kolumna DAS Audio Action-508A (zestaw 4);4;ZESTAW_PAREN;379;;4;4 x Aktywna kolumna DAS Audio Action-508A (zestaw 4);4 x Aktywna kolumna DAS Audio Action-508A [4];Numer 4 przeniesiony z nazwy modelu (ZESTAW_PAREN)
PLAN;4 x Aktywna kolumna DAS Audio Action-508A;113;115;4 x Aktywna kolumna DAS Audio Action-508A (zestaw 5);5;ZESTAW_PAREN;206;;5;4 x Aktywna kolumna DAS Audio Action-508A (zestaw 5);4 x Aktywna kolumna DAS Audio Action-508A [5];Numer 5 przeniesiony z nazwy modelu (ZESTAW_PAREN)
PLAN;4 x Aktywna kolumna DAS Audio Action-508A;113;116;4 x Aktywna kolumna DAS Audio Action-508A (zestaw 6);6;ZESTAW_PAREN;151;;6;4 x Aktywna kolumna DAS Audio Action-508A (zestaw 6);4 x Aktywna kolumna DAS Audio Action-508A [6];Numer 6 przeniesiony z nazwy modelu (ZESTAW_PAREN)
PLAN;4 x Martin MAC Aura XIP;123;123;4 x Martin MAC Aura XIP (zestaw 1);1;ZESTAW_PAREN;10;1;1;4 x Martin MAC Aura XIP (zestaw 1) [1];4 x Martin MAC Aura XIP [1];Numer 1 przeniesiony z nazwy modelu (ZESTAW_PAREN)
PLAN;4 x Martin MAC Aura XIP;123;124;4 x Martin MAC Aura XIP (zestaw 2);2;ZESTAW_PAREN;227;2;2;4 x Martin MAC Aura XIP (zestaw 2) [2];4 x Martin MAC Aura XIP [2];Numer 2 przeniesiony z nazwy modelu (ZESTAW_PAREN)
PLAN;4 x Martin MAC Aura XIP;123;125;4 x Martin MAC Aura XIP (zestaw 3);3;ZESTAW_PAREN;143;3;3;4 x Martin MAC Aura XIP (zestaw 3) [3];4 x Martin MAC Aura XIP [3];Numer 3 przeniesiony z nazwy modelu (ZESTAW_PAREN)
PLAN;"4 x Monitor Iiyama 22""";126;126;"4 x Monitor Iiyama 22"" (zestaw 1)";1;ZESTAW_PAREN;193;;1;"4 x Monitor Iiyama 22"" (zestaw 1)";"4 x Monitor Iiyama 22"" [1]";Numer 1 przeniesiony z nazwy modelu (ZESTAW_PAREN)
PLAN;"4 x Monitor Iiyama 22""";126;127;"4 x Monitor Iiyama 22"" (zestaw 2)";2;ZESTAW_PAREN;14;;2;"4 x Monitor Iiyama 22"" (zestaw 2)";"4 x Monitor Iiyama 22"" [2]";Numer 2 przeniesiony z nazwy modelu (ZESTAW_PAREN)
PLAN;"4 x Monitor Iiyama 22""";126;128;"4 x Monitor Iiyama 22"" (zestaw 3)";3;ZESTAW_PAREN;411;;3;"4 x Monitor Iiyama 22"" (zestaw 3)";"4 x Monitor Iiyama 22"" [3]";Numer 3 przeniesiony z nazwy modelu (ZESTAW_PAREN)
PLAN;"4 x Monitor Iiyama 22""";126;129;"4 x Monitor Iiyama 22"" (zestaw 4)";4;ZESTAW_PAREN;194;;4;"4 x Monitor Iiyama 22"" (zestaw 4)";"4 x Monitor Iiyama 22"" [4]";Numer 4 przeniesiony z nazwy modelu (ZESTAW_PAREN)
PLAN;4 x Naświetlacz Brighter ATOM R+;130;130;4 x Naświetlacz Brighter ATOM R+ (zestaw 1);1;ZESTAW_PAREN;156;;1;4 x Naświetlacz Brighter ATOM R+ (zestaw 1);4 x Naświetlacz Brighter ATOM R+ [1];Numer 1 przeniesiony z nazwy modelu (ZESTAW_PAREN)
PLAN;4 x Naświetlacz Brighter ATOM R+;130;131;4 x Naświetlacz Brighter ATOM R+ (zestaw 2);2;ZESTAW_PAREN;112;;2;4 x Naświetlacz Brighter ATOM R+ (zestaw 2);4 x Naświetlacz Brighter ATOM R+ [2];Numer 2 przeniesiony z nazwy modelu (ZESTAW_PAREN)
PLAN;4 x Naświetlacz Brighter ATOM R+;130;132;4 x Naświetlacz Brighter ATOM R+ (zestaw 3);3;ZESTAW_PAREN;324;;3;4 x Naświetlacz Brighter ATOM R+ (zestaw 3);4 x Naświetlacz Brighter ATOM R+ [3];Numer 3 przeniesiony z nazwy modelu (ZESTAW_PAREN)
PLAN;4 x Naświetlacz LIGHT GO!;133;133;4 x Naświetlacz LIGHT GO! (zestaw 1);1;ZESTAW_PAREN;175;;1;4 x Naświetlacz LIGHT GO! (zestaw 1);4 x Naświetlacz LIGHT GO! [1];Numer 1 przeniesiony z nazwy modelu (ZESTAW_PAREN)
PLAN;4 x Naświetlacz LIGHT GO!;133;134;4 x Naświetlacz LIGHT GO! (zestaw 2);2;ZESTAW_PAREN;418;;2;4 x Naświetlacz LIGHT GO! (zestaw 2);4 x Naświetlacz LIGHT GO! [2];Numer 2 przeniesiony z nazwy modelu (ZESTAW_PAREN)
PLAN;4 x Robe 600X;135;135;4 x Robe 600X (zestaw 1);1;ZESTAW_PAREN;205;;1;4 x Robe 600X (zestaw 1);4 x Robe 600X [1];Numer 1 przeniesiony z nazwy modelu (ZESTAW_PAREN)
PLAN;4 x Robe 600X;135;136;4 x Robe 600X (zestaw 2);2;ZESTAW_PAREN;444;;2;4 x Robe 600X (zestaw 2);4 x Robe 600X [2];Numer 2 przeniesiony z nazwy modelu (ZESTAW_PAREN)
PLAN;4 x Robe 600X;135;137;4 x Robe 600X (zestaw 3);3;ZESTAW_PAREN;100;;3;4 x Robe 600X (zestaw 3);4 x Robe 600X [3];Numer 3 przeniesiony z nazwy modelu (ZESTAW_PAREN)
PLAN;4x Zestaw słuchawkowy Intercom Vokkero;283;283;[1] 4x Zestaw słuchawkowy Intercom Vokkero;1;NUMBER_PREFIX_BRACKET;47;1;1;[1] 4x Zestaw słuchawkowy Intercom Vokkero [1];4x Zestaw słuchawkowy Intercom Vokkero [1];Numer 1 przeniesiony z nazwy modelu (NUMBER_PREFIX_BRACKET)
PLAN;4x Zestaw słuchawkowy Intercom Vokkero;283;284;[2] 4x Zestaw słuchawkowy Intercom Vokkero;2;NUMBER_PREFIX_BRACKET;54;2;2;[2] 4x Zestaw słuchawkowy Intercom Vokkero [2];4x Zestaw słuchawkowy Intercom Vokkero [2];Numer 2 przeniesiony z nazwy modelu (NUMBER_PREFIX_BRACKET)
PLAN;8 x LedBar;148;148;8 x LedBar (zestaw 1);1;ZESTAW_PAREN;74;;1;8 x LedBar (zestaw 1);8 x LedBar [1];Numer 1 przeniesiony z nazwy modelu (ZESTAW_PAREN)
PLAN;8 x LedBar;148;149;8 x LedBar (zestaw 2);2;ZESTAW_PAREN;73;;2;8 x LedBar (zestaw 2);8 x LedBar [2];Numer 2 przeniesiony z nazwy modelu (ZESTAW_PAREN)
PLAN;8 x LedBar;148;150;8 x LedBar (zestaw 3);3;ZESTAW_PAREN;164;;3;8 x LedBar (zestaw 3);8 x LedBar [3];Numer 3 przeniesiony z nazwy modelu (ZESTAW_PAREN)
PLAN;8 x LedBar;148;151;8 x LedBar (zestaw 4);4;ZESTAW_PAREN;425;;4;8 x LedBar (zestaw 4);8 x LedBar [4];Numer 4 przeniesiony z nazwy modelu (ZESTAW_PAREN)
PLAN;8 x LedBar;148;152;8 x LedBar (zestaw 5);5;ZESTAW_PAREN;126;;5;8 x LedBar (zestaw 5);8 x LedBar [5];Numer 5 przeniesiony z nazwy modelu (ZESTAW_PAREN)
PLAN;8 x LedBar;148;153;8 x LedBar (zestaw 6);6;ZESTAW_PAREN;4;;6;8 x LedBar (zestaw 6);8 x LedBar [6];Numer 6 przeniesiony z nazwy modelu (ZESTAW_PAREN)
PLAN;8 x LedPar Ignition;154;154;8 x LedPar Ignition (zestaw 1);1;ZESTAW_PAREN;473;1;1;8 x LedPar Ignition (zestaw 1) [1];8 x LedPar Ignition [1];Numer 1 przeniesiony z nazwy modelu (ZESTAW_PAREN)
PLAN;8 x LedPar Ignition;154;155;8 x LedPar Ignition (zestaw 2);2;ZESTAW_PAREN;396;2;2;8 x LedPar Ignition (zestaw 2) [2];8 x LedPar Ignition [2];Numer 2 przeniesiony z nazwy modelu (ZESTAW_PAREN)
PLAN;8 x LedPar Ignition;154;156;8 x LedPar Ignition (zestaw 3);3;ZESTAW_PAREN;233;3;3;8 x LedPar Ignition (zestaw 3) [3];8 x LedPar Ignition [3];Numer 3 przeniesiony z nazwy modelu (ZESTAW_PAREN)
PLAN;AYRTON Stradale Profile;157;157;AYRTON Stradale Profile (CASE 1);1;CASE_PAREN;42;1;1;AYRTON Stradale Profile (CASE 1) [1];AYRTON Stradale Profile [1];Numer 1 przeniesiony z nazwy modelu (CASE_PAREN)
PLAN;AYRTON Stradale Profile;157;158;AYRTON Stradale Profile (CASE 2);2;CASE_PAREN;428;2;2;AYRTON Stradale Profile (CASE 2) [2];AYRTON Stradale Profile [2];Numer 2 przeniesiony z nazwy modelu (CASE_PAREN)
PLAN;AYRTON Stradale Profile;157;159;AYRTON Stradale Profile (CASE 3);3;CASE_PAREN;172;3;3;AYRTON Stradale Profile (CASE 3) [3];AYRTON Stradale Profile [3];Numer 3 przeniesiony z nazwy modelu (CASE_PAREN)
PLAN;AYRTON Stradale Profile;157;160;AYRTON Stradale Profile (CASE 4);4;CASE_PAREN;475;4;4;AYRTON Stradale Profile (CASE 4) [4];AYRTON Stradale Profile [4];Numer 4 przeniesiony z nazwy modelu (CASE_PAREN)
DO_KONTROLI;Chamsys USB + Stairville RJ45 DMX;;161;Chamsys USB + Stairville RJ45 DMX (zestaw 1);1;ZESTAW_PAREN;;;;;;różne kategorie: 16, 48
DO_KONTROLI;Chamsys USB + Stairville RJ45 DMX;;458;Chamsys USB + Stairville RJ45 DMX;;NONE;;;;;;różne kategorie: 16, 48
PLAN;KABINET ABSEN NT3.9W V2 0,5 x 0,5m;295;295;KABINET ABSEN NT3.9W V2 0,5 x 0,5m;;NONE;154;1;1;KABINET ABSEN NT3.9W V2 0,5 x 0,5m [1];KABINET ABSEN NT3.9W V2 0,5 x 0,5m [1];
PLAN;KABINET ABSEN NT3.9W V2 0,5 x 0,5m;295;297;KABINET ABSEN NT3.9W V2 0,5 x 0,5m;;NONE;6;2;2;KABINET ABSEN NT3.9W V2 0,5 x 0,5m [2];KABINET ABSEN NT3.9W V2 0,5 x 0,5m [2];
PLAN;KABINET ABSEN NT3.9W V2 0,5 x 0,5m;295;299;KABINET ABSEN NT3.9W V2 0,5 x 0,5m;;NONE;31;3;3;KABINET ABSEN NT3.9W V2 0,5 x 0,5m [3];KABINET ABSEN NT3.9W V2 0,5 x 0,5m [3];
PLAN;KABINET ABSEN NT3.9W V2 0,5 x 1m;285;296;KABINET ABSEN NT3.9W V2 0,5 x 1m;;NONE;60;1;1;KABINET ABSEN NT3.9W V2 0,5 x 1m [1];KABINET ABSEN NT3.9W V2 0,5 x 1m [1];
PLAN;KABINET ABSEN NT3.9W V2 0,5 x 1m;285;298;KABINET ABSEN NT3.9W V2 0,5 x 1m;;NONE;136;2;2;KABINET ABSEN NT3.9W V2 0,5 x 1m [2];KABINET ABSEN NT3.9W V2 0,5 x 1m [2];
PLAN;KABINET ABSEN NT3.9W V2 0,5 x 1m;285;300;KABINET ABSEN NT3.9W V2 0,5 x 1m;;NONE;80;3;3;KABINET ABSEN NT3.9W V2 0,5 x 1m [3];KABINET ABSEN NT3.9W V2 0,5 x 1m [3];
PLAN;KABINET ABSEN NT3.9W V2 0,5 x 1m;285;301;KABINET ABSEN NT3.9W V2 0,5 x 1m;;NONE;372;4;4;KABINET ABSEN NT3.9W V2 0,5 x 1m [4];KABINET ABSEN NT3.9W V2 0,5 x 1m [4];
PLAN;KABINET ABSEN NT3.9W V2 0,5 x 1m;285;302;KABINET ABSEN NT3.9W V2 0,5 x 1m;;NONE;413;5;5;KABINET ABSEN NT3.9W V2 0,5 x 1m [5];KABINET ABSEN NT3.9W V2 0,5 x 1m [5];
PLAN;KABINET ABSEN NT3.9W V2 0,5 x 1m;285;303;KABINET ABSEN NT3.9W V2 0,5 x 1m;;NONE;226;6;6;KABINET ABSEN NT3.9W V2 0,5 x 1m [6];KABINET ABSEN NT3.9W V2 0,5 x 1m [6];
PLAN;KABINET ABSEN NT3.9W V2 0,5 x 1m;285;304;KABINET ABSEN NT3.9W V2 0,5 x 1m;;NONE;59;7;7;KABINET ABSEN NT3.9W V2 0,5 x 1m [7];KABINET ABSEN NT3.9W V2 0,5 x 1m [7];
PLAN;KABINET ABSEN NT3.9W V2 0,5 x 1m;285;305;KABINET ABSEN NT3.9W V2 0,5 x 1m;;NONE;316;8;8;KABINET ABSEN NT3.9W V2 0,5 x 1m [8];KABINET ABSEN NT3.9W V2 0,5 x 1m [8];
PLAN;KABINET ABSEN NT3.9W V2 0,5 x 1m;285;306;KABINET ABSEN NT3.9W V2 0,5 x 1m;;NONE;400;9;9;KABINET ABSEN NT3.9W V2 0,5 x 1m [9];KABINET ABSEN NT3.9W V2 0,5 x 1m [9];
PLAN;KABINET ABSEN NT3.9W V2 0,5 x 1m;285;285;KABINET ABSEN NT3.9W V2 0,5 x 1m;;NONE;321;10;10;KABINET ABSEN NT3.9W V2 0,5 x 1m [10];KABINET ABSEN NT3.9W V2 0,5 x 1m [10];
PLAN;KABINET ABSEN NT3.9W V2 0,5 x 1m;285;286;KABINET ABSEN NT3.9W V2 0,5 x 1m;;NONE;326;11;11;KABINET ABSEN NT3.9W V2 0,5 x 1m [11];KABINET ABSEN NT3.9W V2 0,5 x 1m [11];
PLAN;KABINET ABSEN NT3.9W V2 0,5 x 1m;285;287;KABINET ABSEN NT3.9W V2 0,5 x 1m;;NONE;189;12;12;KABINET ABSEN NT3.9W V2 0,5 x 1m [12];KABINET ABSEN NT3.9W V2 0,5 x 1m [12];
PLAN;KABINET ABSEN NT3.9W V2 0,5 x 1m;285;288;KABINET ABSEN NT3.9W V2 0,5 x 1m;;NONE;70;13;13;KABINET ABSEN NT3.9W V2 0,5 x 1m [13];KABINET ABSEN NT3.9W V2 0,5 x 1m [13];
PLAN;KABINET ABSEN NT3.9W V2 0,5 x 1m;285;289;KABINET ABSEN NT3.9W V2 0,5 x 1m;;NONE;141;14;14;KABINET ABSEN NT3.9W V2 0,5 x 1m [14];KABINET ABSEN NT3.9W V2 0,5 x 1m [14];
PLAN;KABINET ABSEN NT3.9W V2 0,5 x 1m;285;290;KABINET ABSEN NT3.9W V2 0,5 x 1m;;NONE;446;15;15;KABINET ABSEN NT3.9W V2 0,5 x 1m [15];KABINET ABSEN NT3.9W V2 0,5 x 1m [15];
PLAN;KABINET ABSEN NT3.9W V2 0,5 x 1m;285;291;KABINET ABSEN NT3.9W V2 0,5 x 1m;;NONE;160;16;16;KABINET ABSEN NT3.9W V2 0,5 x 1m [16];KABINET ABSEN NT3.9W V2 0,5 x 1m [16];
PLAN;KABINET ABSEN NT3.9W V2 0,5 x 1m;285;292;KABINET ABSEN NT3.9W V2 0,5 x 1m;;NONE;406;17;17;KABINET ABSEN NT3.9W V2 0,5 x 1m [17];KABINET ABSEN NT3.9W V2 0,5 x 1m [17];
PLAN;KABINET ABSEN NT3.9W V2 0,5 x 1m;285;293;KABINET ABSEN NT3.9W V2 0,5 x 1m;;NONE;416;18;18;KABINET ABSEN NT3.9W V2 0,5 x 1m [18];KABINET ABSEN NT3.9W V2 0,5 x 1m [18];
PLAN;KABINET ABSEN NT3.9W V2 0,5 x 1m;285;294;KABINET ABSEN NT3.9W V2 0,5 x 1m;;NONE;344;19;19;KABINET ABSEN NT3.9W V2 0,5 x 1m [19];KABINET ABSEN NT3.9W V2 0,5 x 1m [19];
PLAN;Kablarka;162;172;Kablarka [1];1;NUMBER_SUFFIX_BRACKET_CONDITIONAL;211;1;1;Kablarka [1];Kablarka [1];Numer 1 przeniesiony z nazwy modelu (NUMBER_SUFFIX_BRACKET_CONDITIONAL)
PLAN;Kablarka;162;183;Kablarka [2];2;NUMBER_SUFFIX_BRACKET_CONDITIONAL;116;2;2;Kablarka [2];Kablarka [2];Numer 2 przeniesiony z nazwy modelu (NUMBER_SUFFIX_BRACKET_CONDITIONAL)
PLAN;Kablarka;162;184;Kablarka [3];3;NUMBER_SUFFIX_BRACKET_CONDITIONAL;325;3;3;Kablarka [3];Kablarka [3];Numer 3 przeniesiony z nazwy modelu (NUMBER_SUFFIX_BRACKET_CONDITIONAL)
PLAN;Kablarka;162;185;Kablarka [4];4;NUMBER_SUFFIX_BRACKET_CONDITIONAL;398;4;4;Kablarka [4];Kablarka [4];Numer 4 przeniesiony z nazwy modelu (NUMBER_SUFFIX_BRACKET_CONDITIONAL)
PLAN;Kablarka;162;186;Kablarka [5];5;NUMBER_SUFFIX_BRACKET_CONDITIONAL;45;5;5;Kablarka [5];Kablarka [5];Numer 5 przeniesiony z nazwy modelu (NUMBER_SUFFIX_BRACKET_CONDITIONAL)
PLAN;Kablarka;162;187;Kablarka [6];6;NUMBER_SUFFIX_BRACKET_CONDITIONAL;465;6;6;Kablarka [6];Kablarka [6];Numer 6 przeniesiony z nazwy modelu (NUMBER_SUFFIX_BRACKET_CONDITIONAL)
PLAN;Kablarka;162;188;Kablarka [7];7;NUMBER_SUFFIX_BRACKET_CONDITIONAL;230;7;7;Kablarka [7];Kablarka [7];Numer 7 przeniesiony z nazwy modelu (NUMBER_SUFFIX_BRACKET_CONDITIONAL)
PLAN;Kablarka;162;189;Kablarka [8];8;NUMBER_SUFFIX_BRACKET_CONDITIONAL;182;8;8;Kablarka [8];Kablarka [8];Numer 8 przeniesiony z nazwy modelu (NUMBER_SUFFIX_BRACKET_CONDITIONAL)
PLAN;Kablarka;162;190;Kablarka [9];9;NUMBER_SUFFIX_BRACKET_CONDITIONAL;63;9;9;Kablarka [9];Kablarka [9];Numer 9 przeniesiony z nazwy modelu (NUMBER_SUFFIX_BRACKET_CONDITIONAL)
PLAN;Kablarka;162;162;Kablarka [10];10;NUMBER_SUFFIX_BRACKET_CONDITIONAL;438;10;10;Kablarka [10];Kablarka [10];Numer 10 przeniesiony z nazwy modelu (NUMBER_SUFFIX_BRACKET_CONDITIONAL)
PLAN;Kablarka;162;163;Kablarka [11];11;NUMBER_SUFFIX_BRACKET_CONDITIONAL;184;11;11;Kablarka [11];Kablarka [11];Numer 11 przeniesiony z nazwy modelu (NUMBER_SUFFIX_BRACKET_CONDITIONAL)
PLAN;Kablarka;162;164;Kablarka [12];12;NUMBER_SUFFIX_BRACKET_CONDITIONAL;159;12;12;Kablarka [12];Kablarka [12];Numer 12 przeniesiony z nazwy modelu (NUMBER_SUFFIX_BRACKET_CONDITIONAL)
PLAN;Kablarka;162;165;Kablarka [13];13;NUMBER_SUFFIX_BRACKET_CONDITIONAL;231;13;13;Kablarka [13];Kablarka [13];Numer 13 przeniesiony z nazwy modelu (NUMBER_SUFFIX_BRACKET_CONDITIONAL)
PLAN;Kablarka;162;166;Kablarka [14];14;NUMBER_SUFFIX_BRACKET_CONDITIONAL;213;14;14;Kablarka [14];Kablarka [14];Numer 14 przeniesiony z nazwy modelu (NUMBER_SUFFIX_BRACKET_CONDITIONAL)
PLAN;Kablarka;162;167;Kablarka [15];15;NUMBER_SUFFIX_BRACKET_CONDITIONAL;365;15;15;Kablarka [15];Kablarka [15];Numer 15 przeniesiony z nazwy modelu (NUMBER_SUFFIX_BRACKET_CONDITIONAL)
PLAN;Kablarka;162;168;Kablarka [16];16;NUMBER_SUFFIX_BRACKET_CONDITIONAL;368;16;16;Kablarka [16];Kablarka [16];Numer 16 przeniesiony z nazwy modelu (NUMBER_SUFFIX_BRACKET_CONDITIONAL)
PLAN;Kablarka;162;169;Kablarka [17];17;NUMBER_SUFFIX_BRACKET_CONDITIONAL;449;17;17;Kablarka [17];Kablarka [17];Numer 17 przeniesiony z nazwy modelu (NUMBER_SUFFIX_BRACKET_CONDITIONAL)
PLAN;Kablarka;162;170;Kablarka [18];18;NUMBER_SUFFIX_BRACKET_CONDITIONAL;352;18;18;Kablarka [18];Kablarka [18];Numer 18 przeniesiony z nazwy modelu (NUMBER_SUFFIX_BRACKET_CONDITIONAL)
PLAN;Kablarka;162;171;Kablarka [19];19;NUMBER_SUFFIX_BRACKET_CONDITIONAL;218;19;19;Kablarka [19];Kablarka [19];Numer 19 przeniesiony z nazwy modelu (NUMBER_SUFFIX_BRACKET_CONDITIONAL)
PLAN;Kablarka;162;173;Kablarka [20];20;NUMBER_SUFFIX_BRACKET_CONDITIONAL;419;20;20;Kablarka [20];Kablarka [20];Numer 20 przeniesiony z nazwy modelu (NUMBER_SUFFIX_BRACKET_CONDITIONAL)
PLAN;Kablarka;162;174;Kablarka [21];21;NUMBER_SUFFIX_BRACKET_CONDITIONAL;146;21;21;Kablarka [21];Kablarka [21];Numer 21 przeniesiony z nazwy modelu (NUMBER_SUFFIX_BRACKET_CONDITIONAL)
PLAN;Kablarka;162;175;Kablarka [22];22;NUMBER_SUFFIX_BRACKET_CONDITIONAL;327;22;22;Kablarka [22];Kablarka [22];Numer 22 przeniesiony z nazwy modelu (NUMBER_SUFFIX_BRACKET_CONDITIONAL)
PLAN;Kablarka;162;176;Kablarka [23];23;NUMBER_SUFFIX_BRACKET_CONDITIONAL;472;23;23;Kablarka [23];Kablarka [23];Numer 23 przeniesiony z nazwy modelu (NUMBER_SUFFIX_BRACKET_CONDITIONAL)
PLAN;Kablarka;162;177;Kablarka [24];24;NUMBER_SUFFIX_BRACKET_CONDITIONAL;409;24;24;Kablarka [24];Kablarka [24];Numer 24 przeniesiony z nazwy modelu (NUMBER_SUFFIX_BRACKET_CONDITIONAL)
PLAN;Kablarka;162;178;Kablarka [25];25;NUMBER_SUFFIX_BRACKET_CONDITIONAL;454;25;25;Kablarka [25];Kablarka [25];Numer 25 przeniesiony z nazwy modelu (NUMBER_SUFFIX_BRACKET_CONDITIONAL)
PLAN;Kablarka;162;179;Kablarka [26];26;NUMBER_SUFFIX_BRACKET_CONDITIONAL;140;26;26;Kablarka [26];Kablarka [26];Numer 26 przeniesiony z nazwy modelu (NUMBER_SUFFIX_BRACKET_CONDITIONAL)
PLAN;Kablarka;162;180;Kablarka [27];27;NUMBER_SUFFIX_BRACKET_CONDITIONAL;414;27;27;Kablarka [27];Kablarka [27];Numer 27 przeniesiony z nazwy modelu (NUMBER_SUFFIX_BRACKET_CONDITIONAL)
PLAN;Kablarka;162;181;Kablarka [28];28;NUMBER_SUFFIX_BRACKET_CONDITIONAL;153;28;28;Kablarka [28];Kablarka [28];Numer 28 przeniesiony z nazwy modelu (NUMBER_SUFFIX_BRACKET_CONDITIONAL)
PLAN;Kablarka;162;182;Kablarka [29];29;NUMBER_SUFFIX_BRACKET_CONDITIONAL;354;29;29;Kablarka [29];Kablarka [29];Numer 29 przeniesiony z nazwy modelu (NUMBER_SUFFIX_BRACKET_CONDITIONAL)
PLAN;Mediaserwer (Vmix, Resolume);191;191;Mediaserwer (Vmix, Resolume) [1];1;NUMBER_SUFFIX_BRACKET_CONDITIONAL;130;1;1;Mediaserwer (Vmix, Resolume) [1];Mediaserwer (Vmix, Resolume) [1];Numer 1 przeniesiony z nazwy modelu (NUMBER_SUFFIX_BRACKET_CONDITIONAL)
PLAN;Mediaserwer (Vmix, Resolume);191;192;Mediaserwer (Vmix, Resolume) [2];2;NUMBER_SUFFIX_BRACKET_CONDITIONAL;181;2;2;Mediaserwer (Vmix, Resolume) [2];Mediaserwer (Vmix, Resolume) [2];Numer 2 przeniesiony z nazwy modelu (NUMBER_SUFFIX_BRACKET_CONDITIONAL)
PLAN;Mediaserwer (Vmix, Resolume);191;193;Mediaserwer (Vmix, Resolume) [3];3;NUMBER_SUFFIX_BRACKET_CONDITIONAL;208;3;3;Mediaserwer (Vmix, Resolume) [3];Mediaserwer (Vmix, Resolume) [3];Numer 3 przeniesiony z nazwy modelu (NUMBER_SUFFIX_BRACKET_CONDITIONAL)
PLAN;Mediaserwer (Vmix, Resolume);191;194;Mediaserwer (Vmix, Resolume) [4];4;NUMBER_SUFFIX_BRACKET_CONDITIONAL;36;4;4;Mediaserwer (Vmix, Resolume) [4];Mediaserwer (Vmix, Resolume) [4];Numer 4 przeniesiony z nazwy modelu (NUMBER_SUFFIX_BRACKET_CONDITIONAL)
PLAN;Mediaserwer (Vmix, Resolume);191;195;Mediaserwer (Vmix, Resolume) [5];5;NUMBER_SUFFIX_BRACKET_CONDITIONAL;75;5;5;Mediaserwer (Vmix, Resolume) [5];Mediaserwer (Vmix, Resolume) [5];Numer 5 przeniesiony z nazwy modelu (NUMBER_SUFFIX_BRACKET_CONDITIONAL)
PLAN;Mediaserwer (Vmix, Resolume);191;196;Mediaserwer (Vmix, Resolume) [6];6;NUMBER_SUFFIX_BRACKET_CONDITIONAL;57;6;6;Mediaserwer (Vmix, Resolume) [6];Mediaserwer (Vmix, Resolume) [6];Numer 6 przeniesiony z nazwy modelu (NUMBER_SUFFIX_BRACKET_CONDITIONAL)
PLAN;Mediaserwer (Vmix, Resolume);191;197;Mediaserwer (Vmix, Resolume) [7];7;NUMBER_SUFFIX_BRACKET_CONDITIONAL;135;7;7;Mediaserwer (Vmix, Resolume) [7];Mediaserwer (Vmix, Resolume) [7];Numer 7 przeniesiony z nazwy modelu (NUMBER_SUFFIX_BRACKET_CONDITIONAL)
PLAN;Mikser wizyjny Barco S3;198;198;Mikser wizyjny Barco S3 [1];1;NUMBER_SUFFIX_BRACKET_CONDITIONAL;361;1;1;Mikser wizyjny Barco S3 [1];Mikser wizyjny Barco S3 [1];Numer 1 przeniesiony z nazwy modelu (NUMBER_SUFFIX_BRACKET_CONDITIONAL)
DO_KONTROLI;Odsłuch douszny Shure PSM 300;;199;Odsłuch douszny Shure PSM 300 [1];1;NUMBER_SUFFIX_BRACKET_CONDITIONAL;;;;;;różne kategorie: 13, 8
DO_KONTROLI;Odsłuch douszny Shure PSM 300;;200;Odsłuch douszny Shure PSM 300 [2];2;NUMBER_SUFFIX_BRACKET_CONDITIONAL;;;;;;różne kategorie: 13, 8
DO_KONTROLI;Odsłuch douszny Shure PSM 300;;707;Odsłuch douszny Shure PSM 300;;NONE;;;;;;różne kategorie: 13, 8
DO_KONTROLI;Odsłuch douszny Shure PSM 300;;708;Odsłuch douszny Shure PSM 300;;NONE;;;;;;różne kategorie: 13, 8
DO_KONTROLI;Odsłuch douszny Shure PSM 300;;709;Odsłuch douszny Shure PSM 300;;NONE;;;;;;różne kategorie: 13, 8
PLAN;Projektor Panasonic PT-EW640, 5800 lum., WXGA;201;201;Projektor Panasonic PT-EW640, 5800 lum., WXGA [1];1;NUMBER_SUFFIX_BRACKET_CONDITIONAL;358;1;1;Projektor Panasonic PT-EW640, 5800 lum., WXGA [1];Projektor Panasonic PT-EW640, 5800 lum., WXGA [1];Numer 1 przeniesiony z nazwy modelu (NUMBER_SUFFIX_BRACKET_CONDITIONAL)
PLAN;Projektor Panasonic PT-EW640, 5800 lum., WXGA;201;202;Projektor Panasonic PT-EW640, 5800 lum., WXGA [2];2;NUMBER_SUFFIX_BRACKET_CONDITIONAL;68;2;2;Projektor Panasonic PT-EW640, 5800 lum., WXGA [2];Projektor Panasonic PT-EW640, 5800 lum., WXGA [2];Numer 2 przeniesiony z nazwy modelu (NUMBER_SUFFIX_BRACKET_CONDITIONAL)
PLAN;Projektor Panasonic PT-EW730, 7000 lum., WXGA;203;203;Projektor Panasonic PT-EW730, 7000 lum., WXGA [1];1;NUMBER_SUFFIX_BRACKET_CONDITIONAL;347;1;1;Projektor Panasonic PT-EW730, 7000 lum., WXGA [1];Projektor Panasonic PT-EW730, 7000 lum., WXGA [1];Numer 1 przeniesiony z nazwy modelu (NUMBER_SUFFIX_BRACKET_CONDITIONAL)
PLAN;Projektor Panasonic PT-EW730, 7000 lum., WXGA;203;204;Projektor Panasonic PT-EW730, 7000 lum., WXGA [2];2;NUMBER_SUFFIX_BRACKET_CONDITIONAL;180;2;2;Projektor Panasonic PT-EW730, 7000 lum., WXGA [2];Projektor Panasonic PT-EW730, 7000 lum., WXGA [2];Numer 2 przeniesiony z nazwy modelu (NUMBER_SUFFIX_BRACKET_CONDITIONAL)
PLAN;RACK 2x Laptop MacBook Air M1;205;205;RACK 2x Laptop MacBook Air M1 [1];1;NUMBER_SUFFIX_BRACKET_CONDITIONAL;461;1;1;RACK 2x Laptop MacBook Air M1 [1];RACK 2x Laptop MacBook Air M1 [1];Numer 1 przeniesiony z nazwy modelu (NUMBER_SUFFIX_BRACKET_CONDITIONAL)
PLAN;RACK 2x Laptop MacBook Air M1;205;206;RACK 2x Laptop MacBook Air M1 [2];2;NUMBER_SUFFIX_BRACKET_CONDITIONAL;85;2;2;RACK 2x Laptop MacBook Air M1 [2];RACK 2x Laptop MacBook Air M1 [2];Numer 2 przeniesiony z nazwy modelu (NUMBER_SUFFIX_BRACKET_CONDITIONAL)
DO_KONTROLI;Rack 2x Mikrofon bezprzewodowy Shure SLXD;;239;Rack 2x Mikrofon bezprzewodowy Shure SLXD [1];1;NUMBER_SUFFIX_BRACKET_CONDITIONAL;;;;;;różne kategorie: 49, 12, 8
DO_KONTROLI;Rack 2x Mikrofon bezprzewodowy Shure SLXD;;240;Rack 2x Mikrofon bezprzewodowy Shure SLXD [2];2;NUMBER_SUFFIX_BRACKET_CONDITIONAL;;;;;;różne kategorie: 49, 12, 8
DO_KONTROLI;Rack 2x Mikrofon bezprzewodowy Shure SLXD;;241;Rack 2x Mikrofon bezprzewodowy Shure SLXD [3];3;NUMBER_SUFFIX_BRACKET_CONDITIONAL;;;;;;różne kategorie: 49, 12, 8
DO_KONTROLI;Rack 2x Mikrofon bezprzewodowy Shure SLXD;;242;Rack 2x Mikrofon bezprzewodowy Shure SLXD [4];4;NUMBER_SUFFIX_BRACKET_CONDITIONAL;;;;;;różne kategorie: 49, 12, 8
DO_KONTROLI;Rack 2x Mikrofon bezprzewodowy Shure SLXD;;243;Rack 2x Mikrofon bezprzewodowy Shure SLXD [5];5;NUMBER_SUFFIX_BRACKET_CONDITIONAL;;;;;;różne kategorie: 49, 12, 8
DO_KONTROLI;Rack 2x Mikrofon bezprzewodowy Shure SLXD;;244;Rack 2x Mikrofon bezprzewodowy Shure SLXD [6];6;NUMBER_SUFFIX_BRACKET_CONDITIONAL;;;;;;różne kategorie: 49, 12, 8
DO_KONTROLI;Rack 2x Mikrofon bezprzewodowy Shure SLXD;;824;Rack 2x Mikrofon bezprzewodowy Shure SLXD;;NONE;;;;;;różne kategorie: 49, 12, 8
DO_KONTROLI;Rack 2x Mikrofon bezprzewodowy Shure SLXD;;825;Rack 2x Mikrofon bezprzewodowy Shure SLXD [1];1;NUMBER_SUFFIX_BRACKET_CONDITIONAL;;;;;;różne kategorie: 49, 12, 8
DO_KONTROLI;Rack 2x Mikrofon bezprzewodowy Shure SLXD;;826;Rack 2x Mikrofon bezprzewodowy Shure SLXD [2];2;NUMBER_SUFFIX_BRACKET_CONDITIONAL;;;;;;różne kategorie: 49, 12, 8
DO_KONTROLI;Rack 2x Mikrofon bezprzewodowy Shure SLXD;;827;Rack 2x Mikrofon bezprzewodowy Shure SLXD [3];3;NUMBER_SUFFIX_BRACKET_CONDITIONAL;;;;;;różne kategorie: 49, 12, 8
DO_KONTROLI;Rack 2x Mikrofon bezprzewodowy Shure SLXD;;828;Rack 2x Mikrofon bezprzewodowy Shure SLXD [5];5;NUMBER_SUFFIX_BRACKET_CONDITIONAL;;;;;;różne kategorie: 49, 12, 8
DO_KONTROLI;Rack 2x Mikrofon bezprzewodowy Shure SLXD;;829;Rack 2x Mikrofon bezprzewodowy Shure SLXD [6];6;NUMBER_SUFFIX_BRACKET_CONDITIONAL;;;;;;różne kategorie: 49, 12, 8
DO_KONTROLI;Rack 3x Radiotelefon Motorola;;245;Rack 3x Radiotelefon Motorola [1];1;NUMBER_SUFFIX_BRACKET_CONDITIONAL;;;;;;różne kategorie: 49, 13, 8
DO_KONTROLI;Rack 3x Radiotelefon Motorola;;246;Rack 3x Radiotelefon Motorola [2];2;NUMBER_SUFFIX_BRACKET_CONDITIONAL;;;;;;różne kategorie: 49, 13, 8
DO_KONTROLI;Rack 3x Radiotelefon Motorola;;247;Rack 3x Radiotelefon Motorola [3];3;NUMBER_SUFFIX_BRACKET_CONDITIONAL;;;;;;różne kategorie: 49, 13, 8
DO_KONTROLI;Rack 3x Radiotelefon Motorola;;248;Rack 3x Radiotelefon Motorola [4];4;NUMBER_SUFFIX_BRACKET_CONDITIONAL;;;;;;różne kategorie: 49, 13, 8
DO_KONTROLI;Rack 3x Radiotelefon Motorola;;830;Rack 3x Radiotelefon Motorola;;NONE;;;;;;różne kategorie: 49, 13, 8
DO_KONTROLI;Rack 3x Radiotelefon Motorola;;831;Rack 3x Radiotelefon Motorola [1];1;NUMBER_SUFFIX_BRACKET_CONDITIONAL;;;;;;różne kategorie: 49, 13, 8
DO_KONTROLI;Rack 3x Radiotelefon Motorola;;832;Rack 3x Radiotelefon Motorola [2];2;NUMBER_SUFFIX_BRACKET_CONDITIONAL;;;;;;różne kategorie: 49, 13, 8
DO_KONTROLI;Rack 3x Radiotelefon Motorola;;833;Rack 3x Radiotelefon Motorola [4];4;NUMBER_SUFFIX_BRACKET_CONDITIONAL;;;;;;różne kategorie: 49, 13, 8
DO_KONTROLI;Rack 4x Mikrofon bezprzewodowy Sennheiser G3 EW100;;249;Rack 4x Mikrofon bezprzewodowy Sennheiser G3 EW100 [1];1;NUMBER_SUFFIX_BRACKET_CONDITIONAL;;;;;;różne kategorie: 12, 8
DO_KONTROLI;Rack 4x Mikrofon bezprzewodowy Sennheiser G3 EW100;;834;Rack 4x Mikrofon bezprzewodowy Sennheiser G3 EW100;;NONE;;;;;;różne kategorie: 12, 8
DO_KONTROLI;Rack 4x Mikrofon bezprzewodowy Sennheiser SL;;250;Rack 4x Mikrofon bezprzewodowy Sennheiser SL [1];1;NUMBER_SUFFIX_BRACKET_CONDITIONAL;;;;;;różne kategorie: 49, 12, 8
DO_KONTROLI;Rack 4x Mikrofon bezprzewodowy Sennheiser SL;;251;Rack 4x Mikrofon bezprzewodowy Sennheiser SL [2];2;NUMBER_SUFFIX_BRACKET_CONDITIONAL;;;;;;różne kategorie: 49, 12, 8
DO_KONTROLI;Rack 4x Mikrofon bezprzewodowy Sennheiser SL;;835;Rack 4x Mikrofon bezprzewodowy Sennheiser SL;;NONE;;;;;;różne kategorie: 49, 12, 8
DO_KONTROLI;Rack 4x Mikrofon bezprzewodowy Sennheiser SL;;836;Rack 4x Mikrofon bezprzewodowy Sennheiser SL [1];1;NUMBER_SUFFIX_BRACKET_CONDITIONAL;;;;;;różne kategorie: 49, 12, 8
DO_KONTROLI;Rack 4x Mikrofon bezprzewodowy Sennheiser XS;;252;Rack 4x Mikrofon bezprzewodowy Sennheiser XS [1];1;NUMBER_SUFFIX_BRACKET_CONDITIONAL;;;;;;różne kategorie: 12, 49, 8
DO_KONTROLI;Rack 4x Mikrofon bezprzewodowy Sennheiser XS;;253;Rack 4x Mikrofon bezprzewodowy Sennheiser XS [2];2;NUMBER_SUFFIX_BRACKET_CONDITIONAL;;;;;;różne kategorie: 12, 49, 8
DO_KONTROLI;Rack 4x Mikrofon bezprzewodowy Sennheiser XS;;837;Rack 4x Mikrofon bezprzewodowy Sennheiser XS;;NONE;;;;;;różne kategorie: 12, 49, 8
DO_KONTROLI;Rack 4x Mikrofon bezprzewodowy Sennheiser XS;;838;Rack 4x Mikrofon bezprzewodowy Sennheiser XS [2];2;NUMBER_SUFFIX_BRACKET_CONDITIONAL;;;;;;różne kategorie: 12, 49, 8
DO_KONTROLI;Rack 4x Mikrofon bezprzewodowy Shure BLX;;254;Rack 4x Mikrofon bezprzewodowy Shure BLX [1];1;NUMBER_SUFFIX_BRACKET_CONDITIONAL;;;;;;różne kategorie: 49, 12, 8
DO_KONTROLI;Rack 4x Mikrofon bezprzewodowy Shure BLX;;255;Rack 4x Mikrofon bezprzewodowy Shure BLX [2];2;NUMBER_SUFFIX_BRACKET_CONDITIONAL;;;;;;różne kategorie: 49, 12, 8
DO_KONTROLI;Rack 4x Mikrofon bezprzewodowy Shure BLX;;839;Rack 4x Mikrofon bezprzewodowy Shure BLX;;NONE;;;;;;różne kategorie: 49, 12, 8
DO_KONTROLI;Rack 4x Mikrofon bezprzewodowy Shure BLX;;840;Rack 4x Mikrofon bezprzewodowy Shure BLX [1];1;NUMBER_SUFFIX_BRACKET_CONDITIONAL;;;;;;różne kategorie: 49, 12, 8
DO_KONTROLI;Rack 4x Mikrofon bezprzewodowy Shure BLX;;841;Rack 4x Mikrofon bezprzewodowy Shure BLX [1];1;NUMBER_SUFFIX_BRACKET_CONDITIONAL;;;;;;różne kategorie: 49, 12, 8
DO_KONTROLI;Rack 4x Mikrofon bezprzewodowy Shure BLX;;842;Rack 4x Mikrofon bezprzewodowy Shure BLX [2];2;NUMBER_SUFFIX_BRACKET_CONDITIONAL;;;;;;różne kategorie: 49, 12, 8
DO_KONTROLI;Rack 4x Mikrofon bezprzewodowy Shure QLXD;;256;Rack 4x Mikrofon bezprzewodowy Shure QLXD [1];1;NUMBER_SUFFIX_BRACKET_CONDITIONAL;;;;;;różne kategorie: 49, 12, 8
DO_KONTROLI;Rack 4x Mikrofon bezprzewodowy Shure QLXD;;257;Rack 4x Mikrofon bezprzewodowy Shure QLXD [2];2;NUMBER_SUFFIX_BRACKET_CONDITIONAL;;;;;;różne kategorie: 49, 12, 8
DO_KONTROLI;Rack 4x Mikrofon bezprzewodowy Shure QLXD;;258;Rack 4x Mikrofon bezprzewodowy Shure QLXD [3];3;NUMBER_SUFFIX_BRACKET_CONDITIONAL;;;;;;różne kategorie: 49, 12, 8
DO_KONTROLI;Rack 4x Mikrofon bezprzewodowy Shure QLXD;;259;Rack 4x Mikrofon bezprzewodowy Shure QLXD [4];4;NUMBER_SUFFIX_BRACKET_CONDITIONAL;;;;;;różne kategorie: 49, 12, 8
DO_KONTROLI;Rack 4x Mikrofon bezprzewodowy Shure QLXD;;260;Rack 4x Mikrofon bezprzewodowy Shure QLXD [5];5;NUMBER_SUFFIX_BRACKET_CONDITIONAL;;;;;;różne kategorie: 49, 12, 8
DO_KONTROLI;Rack 4x Mikrofon bezprzewodowy Shure QLXD;;261;Rack 4x Mikrofon bezprzewodowy Shure QLXD [6];6;NUMBER_SUFFIX_BRACKET_CONDITIONAL;;;;;;różne kategorie: 49, 12, 8
DO_KONTROLI;Rack 4x Mikrofon bezprzewodowy Shure QLXD;;843;Rack 4x Mikrofon bezprzewodowy Shure QLXD;;NONE;;;;;;różne kategorie: 49, 12, 8
DO_KONTROLI;Rack 4x Mikrofon bezprzewodowy Shure QLXD;;844;Rack 4x Mikrofon bezprzewodowy Shure QLXD [1];1;NUMBER_SUFFIX_BRACKET_CONDITIONAL;;;;;;różne kategorie: 49, 12, 8
DO_KONTROLI;Rack 4x Mikrofon bezprzewodowy Shure QLXD;;845;Rack 4x Mikrofon bezprzewodowy Shure QLXD [2];2;NUMBER_SUFFIX_BRACKET_CONDITIONAL;;;;;;różne kategorie: 49, 12, 8
DO_KONTROLI;Rack 4x Mikrofon bezprzewodowy Shure QLXD;;846;Rack 4x Mikrofon bezprzewodowy Shure QLXD [4];4;NUMBER_SUFFIX_BRACKET_CONDITIONAL;;;;;;różne kategorie: 49, 12, 8
DO_KONTROLI;Rack 4x Mikrofon bezprzewodowy Shure QLXD;;847;Rack 4x Mikrofon bezprzewodowy Shure QLXD [5];5;NUMBER_SUFFIX_BRACKET_CONDITIONAL;;;;;;różne kategorie: 49, 12, 8
DO_KONTROLI;Rack 4x Mikrofon bezprzewodowy Shure QLXD;;848;Rack 4x Mikrofon bezprzewodowy Shure QLXD [6];6;NUMBER_SUFFIX_BRACKET_CONDITIONAL;;;;;;różne kategorie: 49, 12, 8
DO_KONTROLI;"RACK Infokiosk 55""";;207;"RACK Infokiosk 55"" [01]";01;NUMBER_SUFFIX_BRACKET_CONDITIONAL;;;;;;różne kategorie: 49, 5
DO_KONTROLI;"RACK Infokiosk 55""";;208;"RACK Infokiosk 55"" [02]";02;NUMBER_SUFFIX_BRACKET_CONDITIONAL;;;;;;różne kategorie: 49, 5
DO_KONTROLI;"RACK Infokiosk 55""";;209;"RACK Infokiosk 55"" [03]";03;NUMBER_SUFFIX_BRACKET_CONDITIONAL;;;;;;różne kategorie: 49, 5
DO_KONTROLI;"RACK Infokiosk 55""";;210;"RACK Infokiosk 55"" [04]";04;NUMBER_SUFFIX_BRACKET_CONDITIONAL;;;;;;różne kategorie: 49, 5
DO_KONTROLI;"RACK Infokiosk 55""";;788;"RACK Infokiosk 55""";;NONE;;;;;;różne kategorie: 49, 5
DO_KONTROLI;"RACK Infokiosk 55""";;789;"RACK Infokiosk 55"" [01]";01;NUMBER_SUFFIX_BRACKET_CONDITIONAL;;;;;;różne kategorie: 49, 5
DO_KONTROLI;"RACK Infokiosk 55""";;790;"RACK Infokiosk 55"" [02]";02;NUMBER_SUFFIX_BRACKET_CONDITIONAL;;;;;;różne kategorie: 49, 5
DO_KONTROLI;"RACK Infokiosk 55""";;791;"RACK Infokiosk 55"" [03]";03;NUMBER_SUFFIX_BRACKET_CONDITIONAL;;;;;;różne kategorie: 49, 5
DO_KONTROLI;RACK Ipad + AP Mikrotik;;211;RACK Ipad + AP Mikrotik [1];1;NUMBER_SUFFIX_BRACKET_CONDITIONAL;;;;;;różne kategorie: 49, 50
DO_KONTROLI;RACK Ipad + AP Mikrotik;;212;RACK Ipad + AP Mikrotik [2];2;NUMBER_SUFFIX_BRACKET_CONDITIONAL;;;;;;różne kategorie: 49, 50
DO_KONTROLI;RACK Ipad + AP Mikrotik;;213;RACK Ipad + AP Mikrotik [3];3;NUMBER_SUFFIX_BRACKET_CONDITIONAL;;;;;;różne kategorie: 49, 50
DO_KONTROLI;RACK Ipad + AP Mikrotik;;792;RACK Ipad + AP Mikrotik;;NONE;;;;;;różne kategorie: 49, 50
DO_KONTROLI;RACK Ipad + AP Mikrotik;;793;RACK Ipad + AP Mikrotik [1];1;NUMBER_SUFFIX_BRACKET_CONDITIONAL;;;;;;różne kategorie: 49, 50
DO_KONTROLI;RACK Ipad + AP Mikrotik;;794;RACK Ipad + AP Mikrotik [2];2;NUMBER_SUFFIX_BRACKET_CONDITIONAL;;;;;;różne kategorie: 49, 50
DO_KONTROLI;RACK Kamera Black Magic PRO 4K;;214;RACK Kamera Black Magic PRO 4K [01];01;NUMBER_SUFFIX_BRACKET_CONDITIONAL;;;;;;różne kategorie: 49, 3
DO_KONTROLI;RACK Kamera Black Magic PRO 4K;;215;RACK Kamera Black Magic PRO 4K [02];02;NUMBER_SUFFIX_BRACKET_CONDITIONAL;;;;;;różne kategorie: 49, 3
DO_KONTROLI;RACK Kamera Black Magic PRO 4K;;216;RACK Kamera Black Magic PRO 4K [03];03;NUMBER_SUFFIX_BRACKET_CONDITIONAL;;;;;;różne kategorie: 49, 3
DO_KONTROLI;RACK Kamera Black Magic PRO 4K;;217;RACK Kamera Black Magic PRO 4K [04];04;NUMBER_SUFFIX_BRACKET_CONDITIONAL;;;;;;różne kategorie: 49, 3
DO_KONTROLI;RACK Kamera Black Magic PRO 4K;;218;RACK Kamera Black Magic PRO 4K [05];05;NUMBER_SUFFIX_BRACKET_CONDITIONAL;;;;;;różne kategorie: 49, 3
DO_KONTROLI;RACK Kamera Black Magic PRO 4K;;795;RACK Kamera Black Magic PRO 4K;;NONE;;;;;;różne kategorie: 49, 3
DO_KONTROLI;RACK Kamera Black Magic PRO 4K;;796;RACK Kamera Black Magic PRO 4K [01];01;NUMBER_SUFFIX_BRACKET_CONDITIONAL;;;;;;różne kategorie: 49, 3
DO_KONTROLI;RACK Kamera Black Magic PRO 4K;;797;RACK Kamera Black Magic PRO 4K [02];02;NUMBER_SUFFIX_BRACKET_CONDITIONAL;;;;;;różne kategorie: 49, 3
DO_KONTROLI;RACK Kamera Black Magic PRO 4K;;798;RACK Kamera Black Magic PRO 4K [03];03;NUMBER_SUFFIX_BRACKET_CONDITIONAL;;;;;;różne kategorie: 49, 3
DO_KONTROLI;RACK Kamera Black Magic PRO 4K;;799;RACK Kamera Black Magic PRO 4K [04];04;NUMBER_SUFFIX_BRACKET_CONDITIONAL;;;;;;różne kategorie: 49, 3
PLAN;RACK Kamera Sony FX6;219;219;RACK Kamera Sony FX6 (zestaw 1);1;ZESTAW_PAREN;388;1;1;RACK Kamera Sony FX6 (zestaw 1) [1];RACK Kamera Sony FX6 [1];Numer 1 przeniesiony z nazwy modelu (ZESTAW_PAREN)
PLAN;RACK Kamera Sony FX6;219;220;RACK Kamera Sony FX6 (zestaw 2);2;ZESTAW_PAREN;144;2;2;RACK Kamera Sony FX6 (zestaw 2) [2];RACK Kamera Sony FX6 [2];Numer 2 przeniesiony z nazwy modelu (ZESTAW_PAREN)
DO_KONTROLI;RACK Komputer produkcyjny DELL Precision 3440 SFF;;221;RACK Komputer produkcyjny DELL Precision 3440 SFF [01];01;NUMBER_SUFFIX_BRACKET_CONDITIONAL;;;;;;różne kategorie: 49, 19, 47
DO_KONTROLI;RACK Komputer produkcyjny DELL Precision 3440 SFF;;222;RACK Komputer produkcyjny DELL Precision 3440 SFF [02];02;NUMBER_SUFFIX_BRACKET_CONDITIONAL;;;;;;różne kategorie: 49, 19, 47
DO_KONTROLI;RACK Komputer produkcyjny DELL Precision 3440 SFF;;223;RACK Komputer produkcyjny DELL Precision 3440 SFF [03];03;NUMBER_SUFFIX_BRACKET_CONDITIONAL;;;;;;różne kategorie: 49, 19, 47
DO_KONTROLI;RACK Komputer produkcyjny DELL Precision 3440 SFF;;224;RACK Komputer produkcyjny DELL Precision 3440 SFF [04];04;NUMBER_SUFFIX_BRACKET_CONDITIONAL;;;;;;różne kategorie: 49, 19, 47
DO_KONTROLI;RACK Komputer produkcyjny DELL Precision 3440 SFF;;804;RACK Komputer produkcyjny DELL Precision 3440 SFF;;NONE;;;;;;różne kategorie: 49, 19, 47
DO_KONTROLI;RACK Komputer produkcyjny DELL Precision 3440 SFF;;805;RACK Komputer produkcyjny DELL Precision 3440 SFF [01];01;NUMBER_SUFFIX_BRACKET_CONDITIONAL;;;;;;różne kategorie: 49, 19, 47
DO_KONTROLI;RACK Komputer produkcyjny DELL Precision 3440 SFF;;806;RACK Komputer produkcyjny DELL Precision 3440 SFF [02];02;NUMBER_SUFFIX_BRACKET_CONDITIONAL;;;;;;różne kategorie: 49, 19, 47
DO_KONTROLI;RACK Komputer produkcyjny DELL Precision 3440 SFF;;807;RACK Komputer produkcyjny DELL Precision 3440 SFF [03];03;NUMBER_SUFFIX_BRACKET_CONDITIONAL;;;;;;różne kategorie: 49, 19, 47
DO_KONTROLI;RACK Mac Studio M1 Max;;225;RACK Mac Studio M1 Max [01];01;NUMBER_SUFFIX_BRACKET_CONDITIONAL;;;;;;różne kategorie: 49, 22
DO_KONTROLI;RACK Mac Studio M1 Max;;226;RACK Mac Studio M1 Max [02];02;NUMBER_SUFFIX_BRACKET_CONDITIONAL;;;;;;różne kategorie: 49, 22
DO_KONTROLI;RACK Mac Studio M1 Max;;227;RACK Mac Studio M1 Max [03];03;NUMBER_SUFFIX_BRACKET_CONDITIONAL;;;;;;różne kategorie: 49, 22
DO_KONTROLI;RACK Mac Studio M1 Max;;228;RACK Mac Studio M1 Max [04];04;NUMBER_SUFFIX_BRACKET_CONDITIONAL;;;;;;różne kategorie: 49, 22
DO_KONTROLI;RACK Mac Studio M1 Max;;808;RACK Mac Studio M1 Max;;NONE;;;;;;różne kategorie: 49, 22
DO_KONTROLI;RACK Mac Studio M1 Max;;809;RACK Mac Studio M1 Max [01];01;NUMBER_SUFFIX_BRACKET_CONDITIONAL;;;;;;różne kategorie: 49, 22
DO_KONTROLI;RACK Mac Studio M1 Max;;810;RACK Mac Studio M1 Max [02];02;NUMBER_SUFFIX_BRACKET_CONDITIONAL;;;;;;różne kategorie: 49, 22
DO_KONTROLI;RACK Mac Studio M1 Max;;811;RACK Mac Studio M1 Max [03];03;NUMBER_SUFFIX_BRACKET_CONDITIONAL;;;;;;różne kategorie: 49, 22
DO_KONTROLI;Rack MDG Atme;;262;Rack MDG Atme [01];01;NUMBER_SUFFIX_BRACKET_CONDITIONAL;;;;;;różne kategorie: 16, 48
DO_KONTROLI;Rack MDG Atme;;849;Rack MDG Atme;;NONE;;;;;;różne kategorie: 16, 48
DO_KONTROLI;RACK mikser kamerowy + monitor;;237;RACK mikser kamerowy + monitor [1];1;NUMBER_SUFFIX_BRACKET_CONDITIONAL;;;;;;różne kategorie: 4, 49
DO_KONTROLI;RACK mikser kamerowy + monitor;;821;RACK mikser kamerowy + monitor;;NONE;;;;;;różne kategorie: 4, 49
DO_KONTROLI;"Rack Monitor dotykowy 98"" + statyw";;263;"Rack Monitor dotykowy 98"" + statyw [01]";01;NUMBER_SUFFIX_BRACKET_CONDITIONAL;;;;;;różne kategorie: 49, 5
DO_KONTROLI;"Rack Monitor dotykowy 98"" + statyw";;264;"Rack Monitor dotykowy 98"" + statyw [02]";02;NUMBER_SUFFIX_BRACKET_CONDITIONAL;;;;;;różne kategorie: 49, 5
DO_KONTROLI;"Rack Monitor dotykowy 98"" + statyw";;850;"Rack Monitor dotykowy 98"" + statyw";;NONE;;;;;;różne kategorie: 49, 5
DO_KONTROLI;"Rack Monitor dotykowy 98"" + statyw";;851;"Rack Monitor dotykowy 98"" + statyw [01]";01;NUMBER_SUFFIX_BRACKET_CONDITIONAL;;;;;;różne kategorie: 49, 5
PLAN;Rack mównica BIAŁA;266;266;Rack mównica BIAŁA [1];1;NUMBER_SUFFIX_BRACKET_CONDITIONAL;114;1;1;Rack mównica BIAŁA [1];Rack mównica BIAŁA [1];Numer 1 przeniesiony z nazwy modelu (NUMBER_SUFFIX_BRACKET_CONDITIONAL)
PLAN;Rack mównica BIAŁA;266;267;Rack mównica BIAŁA [2];2;NUMBER_SUFFIX_BRACKET_CONDITIONAL;452;2;2;Rack mównica BIAŁA [2];Rack mównica BIAŁA [2];Numer 2 przeniesiony z nazwy modelu (NUMBER_SUFFIX_BRACKET_CONDITIONAL)
PLAN;Rack mównica BIAŁA;266;268;Rack mównica BIAŁA [3];3;NUMBER_SUFFIX_BRACKET_CONDITIONAL;351;3;3;Rack mównica BIAŁA [3];Rack mównica BIAŁA [3];Numer 3 przeniesiony z nazwy modelu (NUMBER_SUFFIX_BRACKET_CONDITIONAL)
PLAN;Rack mównica BIAŁA;266;269;Rack mównica BIAŁA [4];4;NUMBER_SUFFIX_BRACKET_CONDITIONAL;117;4;4;Rack mównica BIAŁA [4];Rack mównica BIAŁA [4];Numer 4 przeniesiony z nazwy modelu (NUMBER_SUFFIX_BRACKET_CONDITIONAL)
PLAN;Rack mównica BIAŁA;266;270;Rack mównica BIAŁA [5];5;NUMBER_SUFFIX_BRACKET_CONDITIONAL;125;5;5;Rack mównica BIAŁA [5];Rack mównica BIAŁA [5];Numer 5 przeniesiony z nazwy modelu (NUMBER_SUFFIX_BRACKET_CONDITIONAL)
PLAN;Rack mównica BIAŁA;266;271;Rack mównica BIAŁA [6];6;NUMBER_SUFFIX_BRACKET_CONDITIONAL;215;6;6;Rack mównica BIAŁA [6];Rack mównica BIAŁA [6];Numer 6 przeniesiony z nazwy modelu (NUMBER_SUFFIX_BRACKET_CONDITIONAL)
PLAN;Rack mównica BIAŁA;266;272;Rack mównica BIAŁA [7];7;NUMBER_SUFFIX_BRACKET_CONDITIONAL;118;7;7;Rack mównica BIAŁA [7];Rack mównica BIAŁA [7];Numer 7 przeniesiony z nazwy modelu (NUMBER_SUFFIX_BRACKET_CONDITIONAL)
PLAN;Rack mównica BIAŁA;266;273;Rack mównica BIAŁA [8];8;NUMBER_SUFFIX_BRACKET_CONDITIONAL;359;8;8;Rack mównica BIAŁA [8];Rack mównica BIAŁA [8];Numer 8 przeniesiony z nazwy modelu (NUMBER_SUFFIX_BRACKET_CONDITIONAL)
DO_KONTROLI;Rack mównica CZARNA;;274;Rack mównica CZARNA [10];10;NUMBER_SUFFIX_BRACKET_CONDITIONAL;;;;;;różne kategorie: 6, 49
DO_KONTROLI;Rack mównica CZARNA;;275;Rack mównica CZARNA [9];9;NUMBER_SUFFIX_BRACKET_CONDITIONAL;;;;;;różne kategorie: 6, 49
DO_KONTROLI;Rack mównica CZARNA;;861;Rack mównica CZARNA [9];9;NUMBER_SUFFIX_BRACKET_CONDITIONAL;;;;;;różne kategorie: 6, 49
DO_KONTROLI;RACK Projektor Panasonic PT-EW540, 5000 lum., WXGA;;231;RACK Projektor Panasonic PT-EW540, 5000 lum., WXGA [1];1;NUMBER_SUFFIX_BRACKET_CONDITIONAL;;;;;;różne kategorie: 7, 49
DO_KONTROLI;RACK Projektor Panasonic PT-EW540, 5000 lum., WXGA;;813;RACK Projektor Panasonic PT-EW540, 5000 lum., WXGA;;NONE;;;;;;różne kategorie: 7, 49
PLAN;RACK Projektor Panasonic PT-MZ880B, 8000 lum., WUXGA, laserowy, LCD;815;232;RACK Projektor Panasonic PT-MZ880B, 8000 lum., WUXGA, laserowy, LCD [1];1;NUMBER_SUFFIX_BRACKET_CONDITIONAL;421;1;1;RACK Projektor Panasonic PT-MZ880B, 8000 lum., WUXGA, laserowy, LCD [1];RACK Projektor Panasonic PT-MZ880B, 8000 lum., WUXGA, laserowy, LCD [1];Numer 1 przeniesiony z nazwy modelu (NUMBER_SUFFIX_BRACKET_CONDITIONAL)
PLAN;RACK Projektor Panasonic PT-MZ880B, 8000 lum., WUXGA, laserowy, LCD;815;233;RACK Projektor Panasonic PT-MZ880B, 8000 lum., WUXGA, laserowy, LCD [2];2;NUMBER_SUFFIX_BRACKET_CONDITIONAL;367;2;2;RACK Projektor Panasonic PT-MZ880B, 8000 lum., WUXGA, laserowy, LCD [2];RACK Projektor Panasonic PT-MZ880B, 8000 lum., WUXGA, laserowy, LCD [2];Numer 2 przeniesiony z nazwy modelu (NUMBER_SUFFIX_BRACKET_CONDITIONAL)
DO_KONTROLI;RACK Projektor Panasonic PT-RZ970, 9400 lum., WUXGA, laserowy, DLP;;234;RACK Projektor Panasonic PT-RZ970, 9400 lum., WUXGA, laserowy, DLP [1];1;NUMBER_SUFFIX_BRACKET_CONDITIONAL;;;;;;różne kategorie: 7, 49
DO_KONTROLI;RACK Projektor Panasonic PT-RZ970, 9400 lum., WUXGA, laserowy, DLP;;818;RACK Projektor Panasonic PT-RZ970, 9400 lum., WUXGA, laserowy, DLP;;NONE;;;;;;różne kategorie: 7, 49
DO_KONTROLI;RACK Projektor PT-MZ882B, 8200 lum., WUXGA, laserowy, LCD;;229;RACK Projektor PT-MZ882B, 8200 lum., WUXGA, laserowy, LCD [1];1;NUMBER_SUFFIX_BRACKET_CONDITIONAL;;;;;;różne kategorie: 49, 7
DO_KONTROLI;RACK Projektor PT-MZ882B, 8200 lum., WUXGA, laserowy, LCD;;230;RACK Projektor PT-MZ882B, 8200 lum., WUXGA, laserowy, LCD [2];2;NUMBER_SUFFIX_BRACKET_CONDITIONAL;;;;;;różne kategorie: 49, 7
DO_KONTROLI;RACK Projektor PT-MZ882B, 8200 lum., WUXGA, laserowy, LCD;;812;RACK Projektor PT-MZ882B, 8200 lum., WUXGA, laserowy, LCD [1];1;NUMBER_SUFFIX_BRACKET_CONDITIONAL;;;;;;różne kategorie: 49, 7
DO_KONTROLI;RACK spliter DMX + bramka artnet;;238;RACK spliter DMX + bramka artnet [1];1;NUMBER_SUFFIX_BRACKET_CONDITIONAL;;;;;;różne kategorie: 16, 48
DO_KONTROLI;RACK spliter DMX + bramka artnet;;822;RACK spliter DMX + bramka artnet;;NONE;;;;;;różne kategorie: 16, 48
PLAN;Set stereo 2x mikrofonów pojemnościowych Austrian Audio CC8;276;276;Set stereo 2x mikrofonów pojemnościowych Austrian Audio CC8 (zestaw 1);1;ZESTAW_PAREN;467;;1;Set stereo 2x mikrofonów pojemnościowych Austrian Audio CC8 (zestaw 1);Set stereo 2x mikrofonów pojemnościowych Austrian Audio CC8 [1];Numer 1 przeniesiony z nazwy modelu (ZESTAW_PAREN)
PLAN;Set stereo 2x mikrofonów pojemnościowych Austrian Audio CC8;276;277;Set stereo 2x mikrofonów pojemnościowych Austrian Audio CC8 (zestaw 2);2;ZESTAW_PAREN;320;;2;Set stereo 2x mikrofonów pojemnościowych Austrian Audio CC8 (zestaw 2);Set stereo 2x mikrofonów pojemnościowych Austrian Audio CC8 [2];Numer 2 przeniesiony z nazwy modelu (ZESTAW_PAREN)
DO_KONTROLI;Stagebox Midas DL16 + Stagebox Behringer S16;;278;Stagebox Midas DL16 + Stagebox Behringer S16 [1];1;NUMBER_SUFFIX_BRACKET_CONDITIONAL;;;;;;różne kategorie: 9, 8
DO_KONTROLI;Stagebox Midas DL16 + Stagebox Behringer S16;;915;Stagebox Midas DL16 + Stagebox Behringer S16;;NONE;;;;;;różne kategorie: 9, 8
DO_KONTROLI;W-DMX;;279;W-DMX (zestaw 1);1;ZESTAW_PAREN;;;;;;różne kategorie: 17, 48
DO_KONTROLI;W-DMX;;280;W-DMX (zestaw 2);2;ZESTAW_PAREN;;;;;;różne kategorie: 17, 48
DO_KONTROLI;W-DMX;;945;W-DMX (zestaw 1);1;ZESTAW_PAREN;;;;;;różne kategorie: 17, 48
DO_KONTROLI;W-DMX;;946;W-DMX (zestaw 2);2;ZESTAW_PAREN;;;;;;różne kategorie: 17, 48
DO_KONTROLI;Walizka z mikrofonami;;281;Walizka z mikrofonami [1];1;NUMBER_SUFFIX_BRACKET_CONDITIONAL;;;;;;różne kategorie: 49, 29
DO_KONTROLI;Walizka z mikrofonami;;282;Walizka z mikrofonami [2];2;NUMBER_SUFFIX_BRACKET_CONDITIONAL;;;;;;różne kategorie: 49, 29
DO_KONTROLI;Walizka z mikrofonami;;947;Walizka z mikrofonami [1];1;NUMBER_SUFFIX_BRACKET_CONDITIONAL;;;;;;różne kategorie: 49, 29